"Authors","Author full names","Author(s) ID","Title","Year","Source title","Volume","Issue","Art. No.","Page start","Page end","Cited by","DOI","Link","Document Type","Publication Stage","Open Access","Source","EID"
"Kodish, S.R.; Matean, M.; Grey, K.; Palaniappan, U.; Northrup-Lyons, M.; Yalvigi, A.; Gwavuya, S.; McLean, J.; Erasmus, W.","Kodish, Stephen R. (14830447000); Matean, Maryam (57209569828); Grey, Kelsey (57209585400); Palaniappan, Uma (17339140100); Northrup-Lyons, Martina (57197817329); Yalvigi, Akshata (57200689186); Gwavuya, Stanley (56518171500); McLean, Judy M. (54406998300); Erasmus, Wendy (56606173400)","14830447000; 57209569828; 57209585400; 17339140100; 57197817329; 57200689186; 56518171500; 54406998300; 56606173400","Conceptualizing multi-level determinants of infant and young child nutrition in the Republic of Marshall Islands-a socioecological perspective","2022","PLOS Global Public Health","2","12","e0001343","","","3","10.1371/journal.pgph.0001343","https://www.scopus.com/inward/record.uri?eid=2-s2.0-85183324404&doi=10.1371%2Fjournal.pgph.0001343&partnerID=40&md5=225b3910d0857872cd0618f19a69c6f4","Article","Final","All Open Access; Gold Open Access; Green Accepted Open Access; Green Open Access","Scopus","2-s2.0-85183324404"
"Hedlund, J.; Carlsen, H.; Croft, S.; West, C.; Bodin, I.; Stokeld, E.; Jaegermeyr, J.; Müller, C.","Hedlund, Johanna S.U. (56478528000); Carlsen, Henrik (36545789900); Croft, Simon A. (57206369427); West, Chris D. (56763374400); Bodin, Örjan (13103663000); Stokeld, Emilie (57218997690); Jaegermeyr, Jonas (35179843900); Müller, Christoph (56550089500)","56478528000; 36545789900; 57206369427; 56763374400; 13103663000; 57218997690; 35179843900; 56550089500","Impacts of climate change on global food trade networks","2022","Environmental Research Letters","17","12","124040","","","31","10.1088/1748-9326/aca68b","https://www.scopus.com/inward/record.uri?eid=2-s2.0-85144579312&doi=10.1088%2F1748-9326%2Faca68b&partnerID=40&md5=a2478e5616850913d51b0a5026105658","Article","Final","All Open Access; Gold Open Access; Green Accepted Open Access; Green Open Access","Scopus","2-s2.0-85144579312"
"Abdul Mottaleb, K.A.; Kruseman, G.; Snapp, S.","Abdul Mottaleb, Khondoker Abdul (53664229100); Kruseman, Gideon (57200546771); Snapp, Sieglinde S. (7003330545)","53664229100; 57200546771; 7003330545","Potential impacts of Ukraine-Russia armed conflict on global wheat food security: A quantitative exploration","2022","Global Food Security","35","","100659","","","150","10.1016/j.gfs.2022.100659","https://www.scopus.com/inward/record.uri?eid=2-s2.0-85140953496&doi=10.1016%2Fj.gfs.2022.100659&partnerID=40&md5=d0384d9020ba413dd1ba6ca306decbc5","Article","Final","All Open Access; Green Accepted Open Access; Green Open Access; Hybrid Gold Open Access","Scopus","2-s2.0-85140953496"
"AlFraj, N.; Hamo, A.","AlFraj, Naji Khames (57896200000); Hamo, Alaa (57914246200)","57896200000; 57914246200","Evaluation of technical efficiency of some rain-fed cereal and legume crops production in Syria: does crisis matter?","2022","Agriculture and Food Security","11","1","49","","","5","10.1186/s40066-022-00389-y","https://www.scopus.com/inward/record.uri?eid=2-s2.0-85139259596&doi=10.1186%2Fs40066-022-00389-y&partnerID=40&md5=90e0d5901c312dc5d39765003358b988","Article","Final","All Open Access; Gold Open Access; Green Accepted Open Access; Green Open Access","Scopus","2-s2.0-85139259596"
"Oluoch, K.O.; De Groote, H.; Gitonga, Z.M.; Jin, Z.; Davis, K.F.","Oluoch, Kevin Ong’are (57912733300); De Groote, Hugo D. (57197763228); Gitonga, Zachary Maina (36611627900); Jin, Zhenong (55621949100); Davis, Kyle Frankel (55066814000)","57912733300; 57197763228; 36611627900; 55621949100; 55066814000","A suite of agronomic factors can offset the effects of climate variability on rainfed maize production in Kenya","2022","Scientific Reports","12","1","16043","","","4","10.1038/s41598-022-19286-2","https://www.scopus.com/inward/record.uri?eid=2-s2.0-85139122876&doi=10.1038%2Fs41598-022-19286-2&partnerID=40&md5=1e51dea4c606d0d8fccc2dff52c52854","Article","Final","All Open Access; Gold Open Access; Green Accepted Open Access; Green Open Access","Scopus","2-s2.0-85139122876"
"Richardson, M.; Nalley, L.L.; Durand-Morat, A.; Crandall, P.; Scruggs, A.; Joseph, L.; Chouloute, J.; Yang, W.","Richardson, Matthew G. (57355627300); Nalley, Lanier Lanier (55837353600); Durand-Morat, Alvaro (57015306400); Crandall, Phil (59843857300); Scruggs, Andrew (59807266500); Joseph, Lesly (57720469000); Chouloute, Jérôme (57720175700); Yang, Wei (59612482300)","57355627300; 55837353600; 57015306400; 59843857300; 59807266500; 57720469000; 57720175700; 59612482300","A broken market: can increased access to broken rice decrease food insecurity in Haiti?","2022","Food Security","14","6","","1387","1400","3","10.1007/s12571-022-01286-9","https://www.scopus.com/inward/record.uri?eid=2-s2.0-85131095954&doi=10.1007%2Fs12571-022-01286-9&partnerID=40&md5=27f28a1fba2d503de105f4ae35c601ef","Article","Final","All Open Access; Green Accepted Open Access; Green Open Access; Hybrid Gold Open Access","Scopus","2-s2.0-85131095954"
"Yawson, D.O.","Yawson, David Oscar (36459429000)","36459429000","Balancing water scarcity, food production, and trade imperatives in the Caribbean: Could virtual water analysis help?","2022","Journal of Cleaner Production","376","","134285","","","7","10.1016/j.jclepro.2022.134285","https://www.scopus.com/inward/record.uri?eid=2-s2.0-85138762026&doi=10.1016%2Fj.jclepro.2022.134285&partnerID=40&md5=860c45ca4dd8707cb998bf3e70bf2214","Article","Final","","Scopus","2-s2.0-85138762026"
"Berhe, M.; Subramanyam, B.; Chichaybelu, M.; Demissie, G.; Abay, F.; Harvey, J.","Berhe, Muez (57207877006); Subramanyam, Bhadriraju H. (7004276540); Chichaybelu, Mekasha (6504463656); Demissie, Girma (23977495500); Abay, Fetien (24480722600); Harvey, Jagger J.W. (25922174700)","57207877006; 7004276540; 6504463656; 23977495500; 24480722600; 25922174700","Post-Harvest Insect Pests and Their Management Practices for Major Food and Export Crops in East Africa: An Ethiopian Case Study","2022","Insects","13","11","1068","","","42","10.3390/insects13111068","https://www.scopus.com/inward/record.uri?eid=2-s2.0-85149575050&doi=10.3390%2Finsects13111068&partnerID=40&md5=3d1082f7056910ecf4fa357d5f7a1479","Review","Final","All Open Access; Gold Open Access; Green Accepted Open Access; Green Open Access","Scopus","2-s2.0-85149575050"
"Hekmatnia, M.; Safdari, M.; Ahmadi, A.; Monibi, H.","Hekmatnia, Mehran (57722784300); Safdari, Mehdi (46662023900); Ahmadi, Asaad (57225299794); Monibi, Hamidreza (57723097300)","57722784300; 46662023900; 57225299794; 57723097300","National savings in freshwater consumption in Iran by virtual water imports (a case study on cereals)","2022","Water and Environment Journal","36","4","","656","666","8","10.1111/wej.12805","https://www.scopus.com/inward/record.uri?eid=2-s2.0-85131156657&doi=10.1111%2Fwej.12805&partnerID=40&md5=9a5396212b1916f9f7d316458360ba79","Article","Final","","Scopus","2-s2.0-85131156657"
"Mahmud, S.; Haider, A.S.M.R.; Shahriar, S.T.; Salehin, S.; Hasan, A.S.M.M.; Johansson, M.T.","Mahmud, Shadman Shahriar (57226167666); Haider, A. S.M.Redwan (59158495300); Shahriar, Sk Tahmid (57412400600); Salehin, Sayedus (57023792800); Hasan, A. S.M.Monjurul (57200903522); Johansson, Maria T. (36646031300)","57226167666; 59158495300; 57412400600; 57023792800; 57200903522; 36646031300","Bioethanol and biodiesel blended fuels — Feasibility analysis of biofuel feedstocks in Bangladesh","2022","Energy Reports","8","","","1741","1756","64","10.1016/j.egyr.2022.01.001","https://www.scopus.com/inward/record.uri?eid=2-s2.0-85122794981&doi=10.1016%2Fj.egyr.2022.01.001&partnerID=40&md5=43a726dd8d5fdf8e1d33731c4ef41432","Review","Final","All Open Access; Gold Open Access; Green Accepted Open Access; Green Open Access","Scopus","2-s2.0-85122794981"
"Nasir, M.A.; Nugroho, A.D.; Lakner, Z.","Nasir, Muh Amat (57925656200); Nugroho, Agus Dwi (58754315000); Lakner, Zoltán Károly (6506033503)","57925656200; 58754315000; 6506033503","Impact of the Russian–Ukrainian Conflict on Global Food Crops","2022","Foods","11","19","2979","","","76","10.3390/foods11192979","https://www.scopus.com/inward/record.uri?eid=2-s2.0-85139783050&doi=10.3390%2Ffoods11192979&partnerID=40&md5=2549a1833e8453d3d5f8afb821e2063c","Article","Final","All Open Access; Gold Open Access; Green Accepted Open Access; Green Open Access","Scopus","2-s2.0-85139783050"
"Carriquiry, M.; Dumortier, J.; Elobeid, A.","Carriquiry, Miguel A. (57189883107); Dumortier, Jerome (50261472400); Elobeid, Amani E. (16063330200)","57189883107; 50261472400; 16063330200","Trade scenarios compensating for halted wheat and maize exports from Russia and Ukraine increase carbon emissions without easing food insecurity","2022","Nature Food","3","10","","847","850","54","10.1038/s43016-022-00600-0","https://www.scopus.com/inward/record.uri?eid=2-s2.0-85138291300&doi=10.1038%2Fs43016-022-00600-0&partnerID=40&md5=ae818f21e799cdf1f615ffa09d5f2d4f","Article","Final","All Open Access; Hybrid Gold Open Access","Scopus","2-s2.0-85138291300"
"Gunawan, S.; Dwitasari, I.; Rahmawati, N.; Darmawan, R.; Wirawasista Aparamarta, H.; Widjaja, T.","Gunawan, Setiyo (57218145308); Dwitasari, Ira (57195905545); Rahmawati, Nurul Aini (57209258643); Darmawan, Raden (55208458800); Wirawasista Aparamarta, Hakun (57836891400); Widjaja, Tri (6506555911)","57218145308; 57195905545; 57209258643; 55208458800; 57836891400; 6506555911","Effect of process production on antinutritional, nutrition, and physicochemical properties of modified sorghum flour","2022","Arabian Journal of Chemistry","15","10","104134","","","12","10.1016/j.arabjc.2022.104134","https://www.scopus.com/inward/record.uri?eid=2-s2.0-85135718130&doi=10.1016%2Fj.arabjc.2022.104134&partnerID=40&md5=cc0cf48815465b9f0e9e51e572e51556","Article","Final","All Open Access; Gold Open Access; Green Accepted Open Access; Green Open Access","Scopus","2-s2.0-85135718130"
"Fleisher, D.H.; Barnaby, J.Y.; Li, S.; Timlin, D.","Fleisher, David H. (7007168260); Barnaby, Jinyoung Yang (38461034900); Li, Sanai (36450750700); Timlin, Dennis J. (7004562048)","7007168260; 38461034900; 36450750700; 7004562048","Response of a U.S. rice hybrid variety to high heat at Two CO2 concentrations during anthesis and grainfill","2022","Agricultural and Forest Meteorology","323","","109058","","","5","10.1016/j.agrformet.2022.109058","https://www.scopus.com/inward/record.uri?eid=2-s2.0-85132427877&doi=10.1016%2Fj.agrformet.2022.109058&partnerID=40&md5=f0b01ae4dff864503262157d4311c810","Article","Final","","Scopus","2-s2.0-85132427877"
"Rahmati, A.; Valadan Zoej, M.J.V.; Taheri Dehkordi, A.T.","Rahmati, Amir (57730021000); Valadan Zoej, Mohammad Javad (56962765800); Taheri Dehkordi, Alireza (57226597713)","57730021000; 56962765800; 57226597713","Early identification of crop types using Sentinel-2 satellite images and an incremental multi-feature ensemble method (Case study: Shahriar, Iran)","2022","Advances in Space Research","70","4","","907","922","23","10.1016/j.asr.2022.05.038","https://www.scopus.com/inward/record.uri?eid=2-s2.0-85131446319&doi=10.1016%2Fj.asr.2022.05.038&partnerID=40&md5=bd364b3640899854f77f92f216e4442f","Article","Final","","Scopus","2-s2.0-85131446319"
"Rocchi, R.; Rosato, R.; Bellocci, M.; Migliorati, G.; Scarpone, R.","Rocchi, Rachele (57197844339); Rosato, Roberta (56150651100); Bellocci, Mirella (23033079500); Migliorati, Giacomo (7006608829); Scarpone, Rossana (6506107674)","57197844339; 56150651100; 23033079500; 7006608829; 6506107674","Ion Chromatography–High-Resolution Mass Spectrometry Method for the Determination of Bromide Ions in Cereals and Legumes: New Scenario for Global Food Security","2022","Foods","11","16","2385","","","4","10.3390/foods11162385","https://www.scopus.com/inward/record.uri?eid=2-s2.0-85137345231&doi=10.3390%2Ffoods11162385&partnerID=40&md5=b89233f9a75698f30fe554221e48396a","Article","Final","All Open Access; Gold Open Access; Green Accepted Open Access; Green Open Access","Scopus","2-s2.0-85137345231"
"Bradshaw, C.D.; Pope, E.; Kay, G.; Davie, J.C.S.; Cottrell, A.; Bacon, J.; Cosse, A.; Dunstone, N.; Jennings, S.; Challinor, A.; Chapman, S.; Birch, C.; Sallu, S.M.; King, R.; MacDiarmid, J.","Bradshaw, Catherine D. (54683434100); Pope, Edward C.D. (57130318700); Kay, Gillian (36953058900); Davie, Jemma C.S. (56025792100); Cottrell, Andrew (8325043900); Bacon, James (57219763391); Cosse, Adriana (57832358800); Dunstone, Nick J. (12787547600); Jennings, Stewart A. (57221224044); Challinor, A. J. (7003681353); Chapman, Sarah (56228426900); Birch, Cathryn E. (34976155900); Sallu, Susannah Mary (26026483100); King, Richard (57200728595); MacDiarmid, Jennie I. (7003488830)","54683434100; 57130318700; 36953058900; 56025792100; 8325043900; 57219763391; 57832358800; 12787547600; 57221224044; 7003681353; 56228426900; 34976155900; 26026483100; 57200728595; 7003488830","Unprecedented climate extremes in South Africa and implications for maize production","2022","Environmental Research Letters","17","8","084028","","","33","10.1088/1748-9326/ac816d","https://www.scopus.com/inward/record.uri?eid=2-s2.0-85135443023&doi=10.1088%2F1748-9326%2Fac816d&partnerID=40&md5=f1340716dc4c8346db4b02b97a257442","Article","Final","All Open Access; Gold Open Access; Green Accepted Open Access; Green Open Access","Scopus","2-s2.0-85135443023"
"Kumar, I.; Feng, K.; Sun, L.; Bandaru, V.","Kumar, Ipsita (57218645131); Feng, Kuishuang (35169268500); Sun, Laixiang (15821588400); Bandaru, Varaprasad (14051672300)","57218645131; 35169268500; 15821588400; 14051672300","Adoption of biomass for electricity generation in Thailand: Implications for energy security, employment, environment, and land use change","2022","Renewable Energy","195","","","1454","1467","20","10.1016/j.renene.2022.05.162","https://www.scopus.com/inward/record.uri?eid=2-s2.0-85133922687&doi=10.1016%2Fj.renene.2022.05.162&partnerID=40&md5=b7243c333ca29097da3b04d5874e99d8","Article","Final","","Scopus","2-s2.0-85133922687"
"Khan, H.; Wani, S.H.; Bhardwaj, S.C.; Rani, K.; Bishnoi, S.K.; Singh, G.P.","Khan, Hanif (39161513600); Wani, Shabir H. (26221990800); Bhardwaj, Subhash Chander (7006786449); Rani, Kirti (57226010635); Bishnoi, Santosh Kumar (57216659409); Singh, Gyanendra Pratap (7404167077)","39161513600; 26221990800; 7006786449; 57226010635; 57216659409; 7404167077","Wheat spike blast: genetic interventions for effective management","2022","Molecular Biology Reports","49","6","","5483","5494","2","10.1007/s11033-022-07356-7","https://www.scopus.com/inward/record.uri?eid=2-s2.0-85128806385&doi=10.1007%2Fs11033-022-07356-7&partnerID=40&md5=368fe4bff41af200800ec84496250366","Article","Final","","Scopus","2-s2.0-85128806385"
"Nguyen Chau, T.; Scrimgeour, F.","Nguyen Chau, Trinh (57233594900); Scrimgeour, Frank G. (6603184587)","57233594900; 6603184587","Productivity impacts of hybrid rice seeds in Vietnam","2022","Journal of Agricultural Economics","73","2","","414","429","9","10.1111/1477-9552.12458","https://www.scopus.com/inward/record.uri?eid=2-s2.0-85115216097&doi=10.1111%2F1477-9552.12458&partnerID=40&md5=176eb6129fb567ca135abc5d19cf0350","Article","Final","","Scopus","2-s2.0-85115216097"
"Nunes, L.M.; Li, G.; Chen, W.-Q.; Meharg, A.A.; O’Connor, P.; Zhu, Y.-G.","Nunes, L. M. (7102529511); Li, Gang (56384560200); Chen, Wei Qiang (55716083800); Meharg, Andrew A. (7006789415); O’Connor, Patrick J. (59418562600); Zhu, Yongguan (7406073704)","7102529511; 56384560200; 55716083800; 7006789415; 59418562600; 7406073704","Embedded Health Risk from Arsenic in Globally Traded Rice","2022","Environmental Science and Technology","56","10","","6415","6425","30","10.1021/acs.est.1c08238","https://www.scopus.com/inward/record.uri?eid=2-s2.0-85130010383&doi=10.1021%2Facs.est.1c08238&partnerID=40&md5=2da50d051367d8e0ff9f7752fdca47a7","Article","Final","","Scopus","2-s2.0-85130010383"
"Escobar, N.; Bautista, I.; Peña, N.; Fenollosa, M.L.; Osca, J.M.; Sanjuán, N.","Escobar, Neus (56222039700); Bautista, Inmaculada (6506562366); Peña, Nancy (57195457543); Fenollosa, Ma Loreto (48761234300); Osca, José María (55918840500); Sanjuán, Neus (7003683112)","56222039700; 6506562366; 57195457543; 48761234300; 55918840500; 7003683112","Life Cycle Thinking for the environmental and financial assessment of rice management systems in the Senegal River Valley","2022","Journal of Environmental Management","310","","114722","","","26","10.1016/j.jenvman.2022.114722","https://www.scopus.com/inward/record.uri?eid=2-s2.0-85125496401&doi=10.1016%2Fj.jenvman.2022.114722&partnerID=40&md5=c9b4ac303a0b4a8fd0aaf3e5da8c0922","Article","Final","All Open Access; Green Accepted Open Access; Green Open Access; Hybrid Gold Open Access","Scopus","2-s2.0-85125496401"
"Liu, Y.; Yang, L.; Zhang, J.; Cui, Q.I.; Liu, Y.U.; Nie, F.; Hu, Y.","Liu, Yawen (57203675219); Yang, Lingyu (57202223420); Zhang, Jinzhu (57207782075); Cui, Q. I. (57490261700); Liu, Yu (56383915700); Nie, Fengying (57205022391); Hu, Yumeng (57490142100)","57203675219; 57202223420; 57207782075; 57490261700; 56383915700; 57205022391; 57490142100","Aggravating effects of food export restrictions under climate change on food security: An analysis of rice economy based on alternative indicators","2022","Climate Change Economics","13","2","2240006","","","6","10.1142/S2010007822400061","https://www.scopus.com/inward/record.uri?eid=2-s2.0-85126441902&doi=10.1142%2FS2010007822400061&partnerID=40&md5=fccf2021c170743c2d729a17f1b7b80b","Article","Final","","Scopus","2-s2.0-85126441902"
"Urak, F.; Bi̇lgi̇ç, A.; Bozma, G.; Florkowski, W.J.; Efekan, E.","Urak, Faruk (57203506491); Bi̇lgi̇ç, Abdulbaki (23059652200); Bozma, Gürkan (57190413178); Florkowski, Wojciech J. (57189755944); Efekan, Erkan (57657274100)","57203506491; 23059652200; 57190413178; 57189755944; 57657274100","Volatility in Live Calf, Live Sheep, and Feed Wheat Return Markets: A Threat to Food Price Stability in Turkey","2022","Agriculture (Switzerland)","12","4","566","","","7","10.3390/agriculture12040566","https://www.scopus.com/inward/record.uri?eid=2-s2.0-85129177960&doi=10.3390%2Fagriculture12040566&partnerID=40&md5=0416f46ed84b295e4d33fd9ae25edd90","Article","Final","All Open Access; Gold Open Access; Green Accepted Open Access; Green Open Access","Scopus","2-s2.0-85129177960"
"Boly, M.; Sanou, A.","Boly, Mohamed (57540967100); Sanou, Aicha (57539044400)","57540967100; 57539044400","Biofuels and food security: evidence from Indonesia and Mexico","2022","Energy Policy","163","","112834","","","31","10.1016/j.enpol.2022.112834","https://www.scopus.com/inward/record.uri?eid=2-s2.0-85126741093&doi=10.1016%2Fj.enpol.2022.112834&partnerID=40&md5=7be334f99d176dacdb5a3b9dc3f2864c","Article","Final","All Open Access; Bronze Open Access","Scopus","2-s2.0-85126741093"
"Hui, T.R.; Park, E.; Ho, H.H.; Tien, P.D.","Hui, Tay Ru (57424163000); Park, Edward (56088790300); Ho, Loc Huu (57189027363); Tien, Pham Duy (57220205637)","57424163000; 56088790300; 57189027363; 57220205637","Long-term hydrological alterations and the agricultural landscapes in the Mekong Delta: Insights from remote sensing and national statistics","2022","Environmental Challenges","7","","100454","","","37","10.1016/j.envc.2022.100454","https://www.scopus.com/inward/record.uri?eid=2-s2.0-85123380473&doi=10.1016%2Fj.envc.2022.100454&partnerID=40&md5=c215cc00d4ef88aabde3e21f687528cc","Article","Final","All Open Access; Gold Open Access; Green Accepted Open Access; Green Open Access","Scopus","2-s2.0-85123380473"
"Md Nasir, N.A.N.; Ahmad Kamaruddin, S.A.; Zakarya, I.A.; Islam, A.K.M.","Md Nasir, Nor Anis Nadhirah (57536312600); Ahmad Kamaruddin, Saadi (49361369000); Zakarya, Irnis Azura (55749533300); Islam, A. K.M.Aminul (57222325320)","57536312600; 49361369000; 55749533300; 57222325320","Sustainable alternative animal feeds: Recent advances and future perspective of using azolla as animal feed in livestock, poultry and fish nutrition","2022","Sustainable Chemistry and Pharmacy","25","","100581","","","39","10.1016/j.scp.2021.100581","https://www.scopus.com/inward/record.uri?eid=2-s2.0-85123243718&doi=10.1016%2Fj.scp.2021.100581&partnerID=40&md5=aee93a668386087c78167e970c5402b2","Review","Final","","Scopus","2-s2.0-85123243718"
"Masrur Ahmed, A.A.; Sharma, E.; Janifer Jabin Jui, S.; Deo, R.C.; Nguyen-Huy, T.; Ali, M.","Masrur Ahmed, Abul Abrar (57202158951); Sharma, Ekta (57212448573); Janifer Jabin Jui, S. Janifer Jabin (57477797800); Deo, Ravinesh Chand (8630380500); Nguyen-Huy, Thong (57194603009); Ali, Mumtaz (57040280100)","57202158951; 57212448573; 57477797800; 8630380500; 57194603009; 57040280100","Kernel Ridge Regression Hybrid Method for Wheat Yield Prediction with Satellite-Derived Predictors","2022","Remote Sensing","14","5","1136","","","41","10.3390/rs14051136","https://www.scopus.com/inward/record.uri?eid=2-s2.0-85125635380&doi=10.3390%2Frs14051136&partnerID=40&md5=3a78575a1497234e681c0d8644601056","Article","Final","All Open Access; Gold Open Access; Green Accepted Open Access; Green Open Access","Scopus","2-s2.0-85125635380"
"Badawy, A.; ElMahdi, A.; Abd El-Hafez, S.; Ibrahim, A.","Badawy, Adham (57463335500); ElMahdi, Amgad (16641902600); Abd El-Hafez, Sayed A.A. (56989774000); Ibrahim, Ali (57191194736)","57463335500; 16641902600; 56989774000; 57191194736","Water Profitability Analysis to Improve Food Security and Climate Resilience: A Case Study in the Egyptian Nile Delta","2022","Climate","10","2","17","","","4","10.3390/cli10020017","https://www.scopus.com/inward/record.uri?eid=2-s2.0-85125079941&doi=10.3390%2Fcli10020017&partnerID=40&md5=8abb336c499bcb2f47895d8f538a93b2","Article","Final","All Open Access; Gold Open Access; Green Accepted Open Access; Green Open Access","Scopus","2-s2.0-85125079941"
"Han, X.; Chen, Y.; Wang, X.","Han, Xinru (59361307200); Chen, Yongfu (56451244900); Wang, Xiudong (57195268376)","59361307200; 56451244900; 57195268376","Impacts of China’s bioethanol policy on the global maize market: a partial equilibrium analysis to 2030","2022","Food Security","14","1","","147","163","34","10.1007/s12571-021-01212-5","https://www.scopus.com/inward/record.uri?eid=2-s2.0-85115054693&doi=10.1007%2Fs12571-021-01212-5&partnerID=40&md5=9fc5497dd9804ebbd1c1789aa3496b00","Article","Final","All Open Access; Bronze Open Access; Green Accepted Open Access; Green Open Access","Scopus","2-s2.0-85115054693"
"Hoang-Phi, H.P.; Nguyen, L.D.; van Anh Vu, N.; Thanh, N.K.; van Trung, L.","Hoang-Phi, Phung (55350118800); Nguyen, Lam Đao (56535883300); van Anh Vu, Nguyen (57440916000); Thanh, Nguyen Kim (57441322200); van Trung, Le (7801525944)","55350118800; 56535883300; 57440916000; 57441322200; 7801525944","Application of multi-temporal Sentinel-1 SAR data for yield estimation of rice crops in An Giang, Vietnam","2022","IOP Conference Series: Earth and Environmental Science","964","1","012007","","","3","10.1088/1755-1315/964/1/012007","https://www.scopus.com/inward/record.uri?eid=2-s2.0-85124078223&doi=10.1088%2F1755-1315%2F964%2F1%2F012007&partnerID=40&md5=dcbc7fc45d0f7d8f94917f8619afeb04","Conference paper","Final","All Open Access; Gold Open Access","Scopus","2-s2.0-85124078223"
"Alola, A.A.","Alola, Andrew Adewale (57202608331)","57202608331","The nexus of renewable energy equity and agricultural commodities in the United States: Evidence of regime-switching and price bubbles","2022","Energy","239","","122377","","","34","10.1016/j.energy.2021.122377","https://www.scopus.com/inward/record.uri?eid=2-s2.0-85117791382&doi=10.1016%2Fj.energy.2021.122377&partnerID=40&md5=3b40cab7598b0496eeac1514c77eeeab","Article","Final","","Scopus","2-s2.0-85117791382"
"Choudhary, D.; Banskota, K.; Khanal, N.P.; McDonald, A.J.; Krupnik, T.J.; Erenstein, O.","Choudhary, Dyutiman (55191062000); Banskota, Kamal (57196420458); Khanal, Narayan Prasad (36559685000); McDonald, Andrew James (57211004984); Krupnik, Timothy J. (55183790300); Erenstein, Olaf (14022746600)","55191062000; 57196420458; 36559685000; 57211004984; 55183790300; 14022746600","Rice Subsector Development and Farmer Efficiency in Nepal: Implications for Further Transformation and Food Security","2022","Frontiers in Sustainable Food Systems","5","","740546","","","20","10.3389/fsufs.2021.740546","https://www.scopus.com/inward/record.uri?eid=2-s2.0-85123764666&doi=10.3389%2Ffsufs.2021.740546&partnerID=40&md5=222ce2f9265ab7da2e1ca277095d8717","Article","Final","All Open Access; Gold Open Access; Green Accepted Open Access; Green Open Access","Scopus","2-s2.0-85123764666"
"Dibrova, A.; Dibrova, L.; Chmil, A.; Dibrova, M.","Dibrova, Anatolii (57216799668); Dibrova, Larysa (57897451100); Chmil, Alla (57896970600); Dibrova, Maksym (57896488500)","57216799668; 57897451100; 57896970600; 57896488500","Forecasting the Consequences of the Cost of Mineral Fertilisers on the Development of the Corn Market in Ukraine Using AGMEMOD Models","2022","Ekonomika APK","29","3","","23","41","3","10.32317/2221-1055.202203023","https://www.scopus.com/inward/record.uri?eid=2-s2.0-85182381260&doi=10.32317%2F2221-1055.202203023&partnerID=40&md5=64ebc57f0959654178f7abcff9ee5ae3","Article","Final","","Scopus","2-s2.0-85182381260"
"Zhan, S.","Zhan, Shaohua (37090053400)","37090053400","The Political Economy of Food Import and Self-reliance in China: 1949-2019","2022","Global Food History","8","3","","194","212","14","10.1080/20549547.2021.2012082","https://www.scopus.com/inward/record.uri?eid=2-s2.0-85164549954&doi=10.1080%2F20549547.2021.2012082&partnerID=40&md5=9462ce21eaaf873af1a2216d9623a964","Article","Final","","Scopus","2-s2.0-85164549954"
"Satoto, B.D.; Anamisa, D.R.; Yusuf, M.; Sophan, M.K.; Alamsyah, N.; Irmawati, B.","Satoto, Budi Dwi (57201197655); Anamisa, Devie Rosa (57189682005); Yusuf, Muhammad (58912361400); Sophan, Mochammad Kautsar (55070840300); Alamsyah, Nurwahyu (57193138219); Irmawati, Budi (55963523600)","57201197655; 57189682005; 58912361400; 55070840300; 57193138219; 55963523600","Rice disease classification based on leaf damage using deep learning","2022","Proceedings - International Conference on Informatics and Computational Sciences","2022-September","","","42","47","0","10.1109/ICICoS56336.2022.9930567","https://www.scopus.com/inward/record.uri?eid=2-s2.0-85146198875&doi=10.1109%2FICICoS56336.2022.9930567&partnerID=40&md5=f59912870adccc7da4c7d0769169809a","Conference paper","Final","","Scopus","2-s2.0-85146198875"
"Aleskerov, F.; Dutta, S.; Egorov, D.; Tkachev, D.","Aleskerov, Fuad T. (7003947309); Dutta, S. D. (57034741700); Egorov, Dmitry (58060993500); Tkachev, Daniil S. (36612538200)","7003947309; 57034741700; 58060993500; 36612538200","Networks under Deep Uncertainty","2022","Procedia Computer Science","214","C","","1285","1292","3","10.1016/j.procs.2022.11.307","https://www.scopus.com/inward/record.uri?eid=2-s2.0-85146114822&doi=10.1016%2Fj.procs.2022.11.307&partnerID=40&md5=fd5037394112e79b8ea4029921496a3d","Conference paper","Final","All Open Access; Gold Open Access","Scopus","2-s2.0-85146114822"
"Yusuf, M.; Usman, A.","Yusuf, Muhammad (58041123700); Usman, Abdullah (57212930453)","58041123700; 57212930453","Development of local staple food in supporting food security: A case study in North Lombok, West Nusa Tenggara","2022","IOP Conference Series: Earth and Environmental Science","1107","1","012032","","","2","10.1088/1755-1315/1107/1/012032","https://www.scopus.com/inward/record.uri?eid=2-s2.0-85145487543&doi=10.1088%2F1755-1315%2F1107%2F1%2F012032&partnerID=40&md5=28a5df5ea720739ea49fe79a4cd04c4d","Conference paper","Final","All Open Access; Gold Open Access","Scopus","2-s2.0-85145487543"
"Ali, B.M.; Manikas, I.; Sundarakani, B.","Ali, Beshir M. (57226095545); Manikas, Ioannis (14065239200); Sundarakani, Balan (25655467900)","57226095545; 14065239200; 25655467900","Food security in the United Arab Emirates: External cereal supply risks","2022","Cogent Economics and Finance","10","1","2149491","","","14","10.1080/23322039.2022.2149491","https://www.scopus.com/inward/record.uri?eid=2-s2.0-85142746967&doi=10.1080%2F23322039.2022.2149491&partnerID=40&md5=0494e6a9df8af83fef7f76fd137d14f3","Article","Final","All Open Access; Gold Open Access; Green Accepted Open Access; Green Open Access","Scopus","2-s2.0-85142746967"
"Nasir, J.; Nasir, B.; Ashfaq, M.","Nasir, Javaria (57210587445); Nasir, Bukhtawer (57210205971); Ashfaq, Muhammad Hasnain (57223453248)","57210587445; 57210205971; 57223453248","Integrated impact assessment of climate change vulnerability and adaptations for agricultural production system of Punjab, Pakistan","2022","Pakistan Journal of Agricultural Sciences","59","5","","885","890","0","10.21162/PAKJAS/22.79","https://www.scopus.com/inward/record.uri?eid=2-s2.0-85141179384&doi=10.21162%2FPAKJAS%2F22.79&partnerID=40&md5=ee32ed34eddc752fd09702ef08300dc3","Article","Final","","Scopus","2-s2.0-85141179384"
"Ndiaye, M.F.","Ndiaye, Mouhamadou F. (57931061200)","57931061200","IMPACTS OF THE AFRICAN CFA FRANC DEVALUATION ON CEREAL YIELDS AND FOOD SECURITY IN WEST AFRICA","2022","African Journal of Food, Agriculture, Nutrition and Development","22","8","","21099","21126","1","10.18697/ajfand.113.20565","https://www.scopus.com/inward/record.uri?eid=2-s2.0-85140736983&doi=10.18697%2Fajfand.113.20565&partnerID=40&md5=8e91382108077f473ba98008a2e29cde","Article","Final","All Open Access; Gold Open Access","Scopus","2-s2.0-85140736983"
"Ivanov, A.; Molodyko, K.; Kalimullina, M.","Ivanov, Alexey Yurievich (57226489154); Molodyko, Kirill (57207623275); Kalimullina, Madina (57217288625)","57226489154; 57207623275; 57217288625","THE GRAIN MARKET IN INDIA AND THE CREATION OF THE BRICS GRAIN UNION","2022","BRICS Law Journal","9","3","","117","143","2","10.21684/2412-2343-2022-9-3-117-143","https://www.scopus.com/inward/record.uri?eid=2-s2.0-85137857862&doi=10.21684%2F2412-2343-2022-9-3-117-143&partnerID=40&md5=68149048c96e020f91f6310733660162","Article","Final","All Open Access; Gold Open Access; Green Accepted Open Access; Green Open Access","Scopus","2-s2.0-85137857862"
"Mykhailovych, O.; Varchenko, O.; Svynous, N.; Semysal, A.; Ostapenko, S.; Prystemskyi, O.","Mykhailovych, Shpychak Oleksandr (57934028000); Varchenko, O. M. (36069984500); Svynous, Nadiia I. (57873206100); Semysal, Anna (57873578900); Ostapenko, Serhii (57873941600); Prystemskyi, Oleksandr S. (57215593661)","57934028000; 36069984500; 57873206100; 57873578900; 57873941600; 57215593661","Foreign Economic Priorities for the Development of Agro-Food Enterprises in European Integration Business Partnership; Зовнішньоекономічні пріоритети розвитку агропродовольчих підприємств в умовах євроінтеграційного ділового партнерства","2022","Scientific Horizons","25","4","","75","88","9","10.48077/SCIHOR.25(4).2022.75-88","https://www.scopus.com/inward/record.uri?eid=2-s2.0-85137191931&doi=10.48077%2FSCIHOR.25%284%29.2022.75-88&partnerID=40&md5=73d6cfcae0ab07cd66ef4c5469ec64f2","Article","Final","All Open Access; Gold Open Access; Green Accepted Open Access; Green Open Access","Scopus","2-s2.0-85137191931"
"Lindawati, L.; Emalisa; Zulfida, I.","Lindawati, L. (57225185752); Emalisa (57216501463); Zulfida, I. (57209421906)","57225185752; 57216501463; 57209421906","Analysis of rice supply determinants in North Sumatera","2022","IOP Conference Series: Earth and Environmental Science","977","1","012056","","","0","10.1088/1755-1315/977/1/012056","https://www.scopus.com/inward/record.uri?eid=2-s2.0-85135183873&doi=10.1088%2F1755-1315%2F977%2F1%2F012056&partnerID=40&md5=a9183fba2d63f54844f105596edcc641","Conference paper","Final","All Open Access; Gold Open Access","Scopus","2-s2.0-85135183873"
"Buriak, R.; Nadiia P., N.; Zbarsky, V.; Zbarska, A.; Chernyavskyi, I.; Chupriak, A.","Buriak, Ruslan (57209980134); Nadiia P., Reznik P. (57202444035); Zbarsky, Vasyl K. (57216463562); Zbarska, Anna (57222108396); Chernyavskyi, Ivan (57821993900); Chupriak, Alona (57404065800)","57209980134; 57202444035; 57216463562; 57222108396; 57821993900; 57404065800","Organizational and Economic Fundamentals of Activity of Seed Enterprises of Ukraine","2022","Lecture Notes in Networks and Systems","486","","","805","815","0","10.1007/978-3-031-08087-6_56","https://www.scopus.com/inward/record.uri?eid=2-s2.0-85135044169&doi=10.1007%2F978-3-031-08087-6_56&partnerID=40&md5=240c04760933bfaa19a0b057318c0278","Conference paper","Final","","Scopus","2-s2.0-85135044169"
"Cao, C.; Yuan, G.","Cao, Chong (57814063900); Yuan, Guojun (57447296700)","57814063900; 57447296700","Foreign trade and virtual land resources: A case study of China's grain","2022","Agricultural Economics (Czech Republic)","68","7","","259","270","8","10.17221/85/2022-AGRICECON","https://www.scopus.com/inward/record.uri?eid=2-s2.0-85134658374&doi=10.17221%2F85%2F2022-AGRICECON&partnerID=40&md5=f49fc639e582d02d8bc8c3ec6a157272","Article","Final","All Open Access; Gold Open Access; Green Accepted Open Access; Green Open Access","Scopus","2-s2.0-85134658374"
"Onumah, E.E.; Addey Owusu, P.; Mensah-Bonsu, A.; Acquah Degraft, H.","Onumah, Edward Ebo (35810941000); Addey Owusu, Prince (57803028400); Mensah-Bonsu, Akwasi (36714035800); Acquah Degraft, Henry (57802566100)","35810941000; 57803028400; 36714035800; 57802566100","Rice price volatility and transmission: implications for food security in Ghana","2022","Cogent Economics and Finance","10","1","2085605","","","12","10.1080/23322039.2022.2085605","https://www.scopus.com/inward/record.uri?eid=2-s2.0-85134164991&doi=10.1080%2F23322039.2022.2085605&partnerID=40&md5=a63fa81bc6c714bf09e3d64e6a58db52","Article","Final","All Open Access; Gold Open Access; Green Accepted Open Access; Green Open Access","Scopus","2-s2.0-85134164991"
"Ivan, I.; Bularda, M.; Ivan, E.; Ungureanu, N.","Ivan, Ionel (57719720900); Bularda, Marcel (57215715131); Ivan, Elena Stefania (58848433200); Ungureanu, Nicoleta (6602862866)","57719720900; 57215715131; 58848433200; 6602862866","POLIZEȘTI-19, A NEW RICE VARIETY CREATED IN THE PEDOCLIMATIC CONDITIONS IN SOUTHEASTERN ROMANIA","2022","Romanian Agricultural Research","39","","","","","0","","https://www.scopus.com/inward/record.uri?eid=2-s2.0-85131054114&partnerID=40&md5=fa94f879aa784ca02e1c121572cebaaf","Article","Final","","Scopus","2-s2.0-85131054114"
"Shaheen, S.; Almas, L.K.; Usman, M.","Shaheen, Sania (57196416512); Almas, Lal Khan (57204205465); Usman, Muhammad (56844860100)","57196416512; 57204205465; 56844860100","Wheat Consumption Determinants and Food Security Challenges: Evidence from Pakistan","2022","WSEAS Transactions on Environment and Development","18","","42","427","441","6","10.37394/232015.2022.18.42","https://www.scopus.com/inward/record.uri?eid=2-s2.0-85129774400&doi=10.37394%2F232015.2022.18.42&partnerID=40&md5=91135bcd96d4a8259f49594606a0f085","Article","Final","All Open Access; Gold Open Access","Scopus","2-s2.0-85129774400"
"Boadi, P.; Gyimah, F.T.; Aryeetey, R.","Boadi, Paula Antwiwaa N. (57666880200); Gyimah, Faustina Twumwaa (57207455947); Aryeetey, R. Nii Okai (24484680900)","57666880200; 57207455947; 24484680900","DESCRIPTIVE ANALYSIS OF CHANGES IN GHANA'S FOOD AVAILABILITY AND FOOD SAFETY INFORMATION BETWEEN 2010 AND 2020","2022","African Journal of Food, Agriculture, Nutrition and Development","22","2","","19624","19657","3","10.18697/ajfand.107.21815","https://www.scopus.com/inward/record.uri?eid=2-s2.0-85129402355&doi=10.18697%2Fajfand.107.21815&partnerID=40&md5=b3010eedcf270a6e1da865c987a41823","Article","Final","All Open Access; Gold Open Access","Scopus","2-s2.0-85129402355"
"Roa-Ortiz, S.A.; Forero Camacho, C.A.; Bautista Cubillos, R.A.; Zabala-Perilla, A.F.","Roa-Ortiz, Santiago Andrés (57210706900); Forero Camacho, Cesar Augusto (57580441200); Bautista Cubillos, Roger Alonso (57579610800); Zabala-Perilla, Andrés Felipe (57579401500)","57210706900; 57580441200; 57579610800; 57579401500","Have public policy and family farming been an unhappy marriage for the past 20 years?; ¿Las políticas públicas y la agricultura familiar han sido un matrimonio infeliz en los últimos 20 años?","2022","Ciencia Tecnologia Agropecuaria","23","2","e1949","","","2","10.21930/rcta.vol23_num2_art:1949","https://www.scopus.com/inward/record.uri?eid=2-s2.0-85128385551&doi=10.21930%2Frcta.vol23_num2_art%3A1949&partnerID=40&md5=4a71d4f7e0c710c730754fdce1c3f429","Review","Final","All Open Access; Gold Open Access; Green Accepted Open Access; Green Open Access","Scopus","2-s2.0-85128385551"
"Runge, C.F.","Runge, Carlisle Ford (23393495600)","23393495600","Famine and Free Trade in the Covid Age: Lessons from the Great Irish Famine","2022","Journal of World Trade","56","3","","453","470","0","10.54648/trad2022018","https://www.scopus.com/inward/record.uri?eid=2-s2.0-85128371770&doi=10.54648%2Ftrad2022018&partnerID=40&md5=4fab0c9a9122169156b793950351a115","Article","Final","","Scopus","2-s2.0-85128371770"
"Macall, D.M.; Kerr, W.A.; Smyth, S.J.","Macall, Diego Maximiliano (57207690478); Kerr, William A. (7103299703); Smyth, Stuart J. (7005172560)","57207690478; 7103299703; 7005172560","Economic surplus implications of Mexico’s decision to phaseout genetically modified maize imports","2022","GM Crops and Food","13","1","","388","401","4","10.1080/21645698.2021.2020028","https://www.scopus.com/inward/record.uri?eid=2-s2.0-85125942106&doi=10.1080%2F21645698.2021.2020028&partnerID=40&md5=6247d0d5cc74992e55a970559e7f599c","Article","Final","All Open Access; Gold Open Access; Green Accepted Open Access; Green Open Access","Scopus","2-s2.0-85125942106"
"Nurgazina, Z.; Ali, U.","Nurgazina, Zhanar (57216874132); Ali, Uzair (57201697691)","57216874132; 57201697691","Competitive Efficiency of Foreign Cereal Trade Between Kazakhstan and China","2022","Economy: strategy and practice","17","1","","155","170","0","10.51176/1997-9967-2022-1-155-170","https://www.scopus.com/inward/record.uri?eid=2-s2.0-105018877795&doi=10.51176%2F1997-9967-2022-1-155-170&partnerID=40&md5=5cbafc205c50f29e2325a0d13f145a5f","Article","Final","All Open Access; Gold Open Access; Green Accepted Open Access; Green Open Access","Scopus","2-s2.0-105018877795"
"Al-Ababneh, H.A.; Osmonova, A.; Dumanska, I.; Matkovskyi, P.; Kalynovskyy, A.","Al-Ababneh, Hassan Ali (57210107560); Osmonova, Ainur A. (57213422889); Dumanska, Ilona Y. (57223702382); Matkovskyi, Petro (57445482400); Kalynovskyy, Andriy (57220803593)","57210107560; 57213422889; 57223702382; 57445482400; 57220803593","ANALYSIS OF EXPORT OF AGRICULTURAL PRODUCTS IN THE CONTEXT OF THE GLOBAL FOOD CRISIS","2021","Agricultural and Resource Economics","7","4","","5","26","13","10.51599/ARE.2021.07.04.01","https://www.scopus.com/inward/record.uri?eid=2-s2.0-85124324198&doi=10.51599%2FARE.2021.07.04.01&partnerID=40&md5=cf20e07df9f823d8ef3f91d47ee605cb","Article","Final","All Open Access; Gold Open Access; Green Accepted Open Access; Green Open Access","Scopus","2-s2.0-85124324198"
"Phuong Lan, N.T.P.; van Kien, N.","Phuong Lan, Ngo Thi Phuong (14013220400); van Kien, Nguyen (59427842700)","14013220400; 59427842700","Back to Nature-Based Agriculture: Green Livelihoods Are Taking Root in the Mekong River Delta","2021","Journal of People, Plants, and Environment","24","6","","551","561","8","10.11628/KSPPE.2021.24.6.551","https://www.scopus.com/inward/record.uri?eid=2-s2.0-85125866294&doi=10.11628%2FKSPPE.2021.24.6.551&partnerID=40&md5=7e920f0cfb0dcb3bc1e1697e1ba6e92c","Review","Final","All Open Access; Gold Open Access; Green Accepted Open Access; Green Open Access","Scopus","2-s2.0-85125866294"
"Hunt, E.; Femia, F.; Werrell, C.; Christian, J.I.; Otkin, J.A.; Basara, J.; Anderson, M.; White, T.; Hain, C.; Randall, R.; McGaughey, K.","Hunt, Eric D. (16245188700); Femia, Francesco (57194580906); Werrell, Caitlin E. (57194584017); Christian, Jordan I. (56937891400); Otkin, Jason A. (6602403713); Basara, Jeffrey B. (6602428005); Anderson, Martha C. (7404764644); White, Tyler R. (56478082100); Hain, Christopher R. (57203255846); Randall, Robb M. (58582563100); McGaughey, Katie (57209010190)","16245188700; 57194580906; 57194584017; 56937891400; 6602403713; 6602428005; 7404764644; 56478082100; 57203255846; 58582563100; 57209010190","Agricultural and food security impacts from the 2010 Russia flash drought","2021","Weather and Climate Extremes","34","","100383","","","78","10.1016/j.wace.2021.100383","https://www.scopus.com/inward/record.uri?eid=2-s2.0-85115980725&doi=10.1016%2Fj.wace.2021.100383&partnerID=40&md5=3f1a5773ef28c082e4b67c0c1e887c0b","Article","Final","All Open Access; Gold Open Access; Green Accepted Open Access; Green Open Access","Scopus","2-s2.0-85115980725"
"Irakiza, P.N.; Chuma, G.B.; Lyoba, T.Z.; Mweze, M.A.; Mondo, J.M.; Zihalirwa, P.K.; Mapatano, S.; Balezi, A.Z.; Mushagalusa, G.N.","Irakiza, Patrick Ngirabakunzi (57270776600); Chuma, B. G. (57224110642); Lyoba, Tresor Zongwe (57270307000); Mweze, Marcelin Aganze (57270940200); Mondo, Jean M. (57194703099); Zihalirwa, Parent Kulimushi (57269845200); Mapatano, Sylvain (56329609700); Balezi, Alphonse Zihalirwa (35101292600); Mushagalusa, Gustave Nachigera (24402930300)","57270776600; 57224110642; 57270307000; 57270940200; 57194703099; 57269845200; 56329609700; 35101292600; 24402930300","Fortification with mushroom flour (Pleurotus ostreatus (Jacq.) P. Kumm) and substitution of wheat flour by cassava flour in bread-making: Nutritional and technical implications in eastern DR Congo","2021","Agriculture and Food Security","10","1","28","","","16","10.1186/s40066-021-00301-0","https://www.scopus.com/inward/record.uri?eid=2-s2.0-85115664720&doi=10.1186%2Fs40066-021-00301-0&partnerID=40&md5=10cbcc785a6813a7d3b29f723e13c331","Article","Final","All Open Access; Gold Open Access; Green Accepted Open Access; Green Open Access","Scopus","2-s2.0-85115664720"
"Fathonah, F.I.; Mashilal","Fathonah, Fadillah Isnaeni (58075028100); Mashilal (58073966200)","58075028100; 58073966200","Rice Production Analysis in Reflecting Rice Self-sufficiency in Indonesia","2021","E3S Web of Conferences","316","","02041","","","5","10.1051/e3sconf/202131602041","https://www.scopus.com/inward/record.uri?eid=2-s2.0-85146649851&doi=10.1051%2Fe3sconf%2F202131602041&partnerID=40&md5=2f33d9bee9788379d5e9e32939b76152","Conference paper","Final","All Open Access; Gold Open Access; Green Accepted Open Access; Green Open Access","Scopus","2-s2.0-85146649851"
"Bagnall, D.K.; Shanahan, J.F.; Flanders, A.; Morgan, C.L.S.; Honeycutt, C.W.","Bagnall, Dianna K. (57205145956); Shanahan, John F. (7006499036); Flanders, Archie (7006675027); Morgan, Cristine L.S. (11940015400); Honeycutt, Charles Wayne (7004535722)","57205145956; 7006499036; 7006675027; 11940015400; 7004535722","Soil health considerations for global food security","2021","Agronomy Journal","113","6","","4581","4589","50","10.1002/agj2.20783","https://www.scopus.com/inward/record.uri?eid=2-s2.0-85111900282&doi=10.1002%2Fagj2.20783&partnerID=40&md5=3213701499adb18ece726505fe08d61a","Article","Final","All Open Access; Hybrid Gold Open Access","Scopus","2-s2.0-85111900282"
"Marndi, A.; Ramesh, K.V.; Patra, G.K.","Marndi, Ashapurna (57216360073); Ramesh, Kalidahasan Vasanthakumari (57204892617); Patra, Gopal Krishna (23397642100)","57216360073; 57204892617; 23397642100","Crop production estimation using deep learning technique","2021","Current Science","121","8","","1073","1079","7","10.18520/cs/v121/i8/1073-1079","https://www.scopus.com/inward/record.uri?eid=2-s2.0-85118236069&doi=10.18520%2Fcs%2Fv121%2Fi8%2F1073-1079&partnerID=40&md5=8287233e2394163dd9622ac57dc499c7","Article","Final","All Open Access; Gold Open Access","Scopus","2-s2.0-85118236069"
"Nazir, A.; Ullah, S.; Saqib, Z.A.; Abbas, A.; Ali, A.; Iqbal, M.S.; Hussain, K.; Shakir, M.; Shah, M.; Butt, M.U.","Nazir, Abid (57316760200); Ullah, Saleem (57922847900); Saqib, Zulfiqar Ahmad (24781098400); Abbas, Azhar (16311877800); Ali, Asad (59011099600); Iqbal, Muhammad Shahid (59593423600); Hussain, Khalid (57195963872); Shakir, Muhammad Ali (56592036700); Shah, Munawar (56970340300); Butt, Muhammad Usman (57317192800)","57316760200; 57922847900; 24781098400; 16311877800; 59011099600; 59593423600; 57195963872; 56592036700; 56970340300; 57317192800","Estimation and forecasting of rice yield using phenology-based algorithm and linear regression model on sentinel-ii satellite data","2021","Agriculture (Switzerland)","11","10","1026","","","44","10.3390/agriculture11101026","https://www.scopus.com/inward/record.uri?eid=2-s2.0-85118272187&doi=10.3390%2Fagriculture11101026&partnerID=40&md5=dd21efa95823f0d138e2c4d37ddcbb55","Article","Final","All Open Access; Gold Open Access; Green Accepted Open Access; Green Open Access","Scopus","2-s2.0-85118272187"
"Terwisscha van Scheltinga, C.; de Miguel Garcia, A.; Wilbers, G.-J.; Heesmans, H.; Dankers, R.; Smaling, E.","Terwisscha van Scheltinga, Catharien (24476584800); de Miguel Garcia, Angel (57214589173); Wilbers, Gert Jan (28867490900); Heesmans, Hanneke I.M. (55110357500); Dankers, R. (6603227814); Smaling, Eric Marc Alexander (6603631889)","24476584800; 57214589173; 28867490900; 55110357500; 6603227814; 6603631889","Unravelling the interplay between water and food systems in arid and semi-arid environments: the case of Egypt","2021","Food Security","13","5","","1145","1161","8","10.1007/s12571-021-01208-1","https://www.scopus.com/inward/record.uri?eid=2-s2.0-85114443901&doi=10.1007%2Fs12571-021-01208-1&partnerID=40&md5=5aa9f4c672db10aa280d22c443aa2f8c","Article","Final","All Open Access; Green Accepted Open Access; Green Open Access; Hybrid Gold Open Access","Scopus","2-s2.0-85114443901"
"Prudhomme, R.; O'Donoghue, C.; Ryan, M.; Styles, D.","Prudhomme, Rémi (57218268333); O'Donoghue, Cathal (6602526305); Ryan, Mary (55215453300); Styles, David D. (16310374500)","57218268333; 6602526305; 55215453300; 16310374500","Defining national biogenic methane targets: Implications for national food production & climate neutrality objectives","2021","Journal of Environmental Management","295","","113058","","","16","10.1016/j.jenvman.2021.113058","https://www.scopus.com/inward/record.uri?eid=2-s2.0-85108358124&doi=10.1016%2Fj.jenvman.2021.113058&partnerID=40&md5=4b856a2ac9ea97ec7e52113e5f78e795","Article","Final","All Open Access; Green Accepted Open Access; Green Open Access; Hybrid Gold Open Access","Scopus","2-s2.0-85108358124"
"Skrypnyk, A.; Klymenko, N.; Tuzhyk, K.; Galaieva, L.; Rohoza, K.","Skrypnyk, Andriy Vasylovych (56667451800); Klymenko, Nataliia (57210844921); Tuzhyk, Kateryna L. (57015375300); Galaieva, Liudmyla V. (57222167610); Rohoza, Kostiantyn H. (57292324000)","56667451800; 57210844921; 57015375300; 57222167610; 57292324000","Prerequisites and prospects for sustainable development of grain production in Ukraine","2021","Agricultural and Resource Economics","7","3","","90","106","11","10.51599/are.2021.07.03.06","https://www.scopus.com/inward/record.uri?eid=2-s2.0-85117208712&doi=10.51599%2Fare.2021.07.03.06&partnerID=40&md5=3ed7e513fc50399b14d65e02e45dab84","Article","Final","All Open Access; Gold Open Access; Green Accepted Open Access; Green Open Access","Scopus","2-s2.0-85117208712"
"Ling, T.J.; Shamsudin, M.N.; Bing, W.Z.; Thi Cam Nhung, P.; Rabbany, M.G.","Ling, Ting Jenn (57188648195); Shamsudin, Mad Nasir Bin (21234392000); Bing, Wang Zheng (57268458700); Thi Cam Nhung, Pham (57268250800); Rabbany, Md Ghulam (57222763069)","57188648195; 21234392000; 57268458700; 57268250800; 57222763069","Mitigating the impacts of COVID-19 on domestic rice supply and food security in Southeast Asia","2021","Outlook on Agriculture","50","3","","328","337","8","10.1177/00307270211024275","https://www.scopus.com/inward/record.uri?eid=2-s2.0-85115363861&doi=10.1177%2F00307270211024275&partnerID=40&md5=f8700cc34653a81eb47e199aa97c1f2e","Article","Final","","Scopus","2-s2.0-85115363861"
"Yigezu, Y.A.; Moustafa, M.A.; Mohiy, M.M.; Ibrahim, S.E.; Ghanem, W.M.; Niane, A.-A.; Abbas, E.; Sabry, S.R.S.; Halila, H.","Yigezu, Yigezu Atnafe (6504558700); Moustafa, Moustafa A. (56496476400); Mohiy, Mohamed M. (57255425300); Ibrahim, Shaimaa E. (59797592100); Ghanem, Wael M. (57255539800); Niane, Abdoul Aziz (36118091600); Abbas, Enas (57222101881); Sabry, Sami R.S. (57225369752); Halila, Habib (57201973908)","6504558700; 56496476400; 57255425300; 59797592100; 57255539800; 36118091600; 57222101881; 57225369752; 57201973908","Food losses and wastage along the wheat value chain in egypt and their implications on food and energy security, natural resources, and the environment","2021","Sustainability (Switzerland)","13","18","10011","","","18","10.3390/su131810011","https://www.scopus.com/inward/record.uri?eid=2-s2.0-85114746813&doi=10.3390%2Fsu131810011&partnerID=40&md5=6ab0a521d1dd56dc7a3a6a1e61c8592f","Article","Final","All Open Access; Gold Open Access; Green Accepted Open Access; Green Open Access","Scopus","2-s2.0-85114746813"
"Liu, B.; Gu, W.; Yang, Y.; Lu, B.; Wang, F.; Zhang, B.; Bi, J.","Liu, Beibei (55901082700); Gu, Weiyi (57226802571); Yang, Yi (37113902900); Lu, Bufan (57226790114); Wang, Feng (58367778500); Zhang, Bing (57219488478); Bi, Jun (35228683700)","55901082700; 57226802571; 37113902900; 57226790114; 58367778500; 57219488478; 35228683700","Promoting potato as staple food can reduce the carbon–land–water impacts of crops in China","2021","Nature Food","2","8","","570","577","118","10.1038/s43016-021-00337-2","https://www.scopus.com/inward/record.uri?eid=2-s2.0-85112691229&doi=10.1038%2Fs43016-021-00337-2&partnerID=40&md5=fe1946eb33e0985ab0b35474edc1ebb3","Article","Final","","Scopus","2-s2.0-85112691229"
"Luo, P.; Tanaka, T.","Luo, Pengfei (57226467058); Tanaka, Tetsuji (55727256500)","57226467058; 55727256500","Food import dependency and national food security: A price transmission analysis for the wheat sector","2021","Foods","10","8","1715","","","31","10.3390/foods10081715","https://www.scopus.com/inward/record.uri?eid=2-s2.0-85111702448&doi=10.3390%2Ffoods10081715&partnerID=40&md5=db4169f0b76072295a159efae3f91b89","Article","Final","All Open Access; Gold Open Access; Green Accepted Open Access; Green Open Access","Scopus","2-s2.0-85111702448"
"Wang, J.; Hu, X.","Wang, Jiamei (57207316351); Hu, Xiangdong (57222106135)","57207316351; 57222106135","Research on corn production efficiency and influencing factors of typical farms: Based on data from 12 corn-producing countries from 2012 to 2019","2021","PLoS ONE","16","7 July","e0254423","","","60","10.1371/journal.pone.0254423","https://www.scopus.com/inward/record.uri?eid=2-s2.0-85109739566&doi=10.1371%2Fjournal.pone.0254423&partnerID=40&md5=0a3003e6105927fe68752c9e28ad073e","Article","Final","All Open Access; Gold Open Access; Green Accepted Open Access; Green Open Access","Scopus","2-s2.0-85109739566"
"Arrien, M.M.; Martínez Aldaya, M.M.; Rodríguez, C.I.","Arrien, Maria Macarena (57225179164); Martínez Aldaya, Maite Martínez (35316963700); Rodríguez, Corina Iris (57203804960)","57225179164; 35316963700; 57203804960","Water footprint and virtual water trade of maize in the province of buenos aires, argentina","2021","Water (Switzerland)","13","13","1769","","","22","10.3390/w13131769","https://www.scopus.com/inward/record.uri?eid=2-s2.0-85109404993&doi=10.3390%2Fw13131769&partnerID=40&md5=e10a81772ca9aff3993ab384ee50b5a2","Article","Final","All Open Access; Gold Open Access; Green Accepted Open Access; Green Open Access","Scopus","2-s2.0-85109404993"
"Trollman, H.; Jagtap, S.; Garcia-Garcia, G.; Harastani, R.; Colwill, J.; Trollman, F.","Trollman, Hana (57202480037); Jagtap, Sandeep (57194044006); Garcia-Garcia, Guillermo (57208693890); Harastani, Rania (57220265793); Colwill, James A. (7003854747); Trollman, Frank (57222399944)","57202480037; 57194044006; 57208693890; 57220265793; 7003854747; 57222399944","COVID-19 demand-induced scarcity effects on nutrition and environment: investigating mitigation strategies for eggs and wheat flour in the United Kingdom","2021","Sustainable Production and Consumption","27","","","1255","1272","30","10.1016/j.spc.2021.03.001","https://www.scopus.com/inward/record.uri?eid=2-s2.0-85102647595&doi=10.1016%2Fj.spc.2021.03.001&partnerID=40&md5=1df49339b61406554166f5b317b365e0","Article","Final","All Open Access; Green Accepted Open Access; Green Open Access","Scopus","2-s2.0-85102647595"
"Wolffe, M.C.; Wild, O.; Long, S.P.; Ashworth, K.","Wolffe, Michael C. (58431269200); Wild, Oliver (6701636816); Long, Stephen Patrick (7402506808); Ashworth, Kirsti (35188572000)","58431269200; 6701636816; 7402506808; 35188572000","Temporal variability in the impacts of particulate matter on crop yields on the North China Plain","2021","Science of the Total Environment","776","","145135","","","15","10.1016/j.scitotenv.2021.145135","https://www.scopus.com/inward/record.uri?eid=2-s2.0-85101618864&doi=10.1016%2Fj.scitotenv.2021.145135&partnerID=40&md5=4b7b2c94889459e4e3ca33763e38c1e9","Article","Final","","Scopus","2-s2.0-85101618864"
"Tanaka, T.; Geyik, Ö.; Karapinar, B.","Tanaka, Tetsuji (55727256500); Geyik, Ozge (57209798531); Karapinar, Barış (16833389900)","55727256500; 57209798531; 16833389900","Short-term implications of climate shocks on wheat-based nutrient flows: A global “nutrition at risk” analysis through a stochastic cge model","2021","Foods","10","6","1414","","","5","10.3390/foods10061414","https://www.scopus.com/inward/record.uri?eid=2-s2.0-85109048449&doi=10.3390%2Ffoods10061414&partnerID=40&md5=ea2fbf5fd1bb4bdb2a3c411eab4109c9","Article","Final","All Open Access; Gold Open Access; Green Accepted Open Access; Green Open Access","Scopus","2-s2.0-85109048449"
"Mobarok, M.H.; Thompson, W.; Skevas, T.","Mobarok, Mohammad Hasan (57224408271); Thompson, Wyatt W. (16305550100); Skevas, Theodoros (40262429000)","57224408271; 16305550100; 40262429000","COVID-19 and policy impacts on the Bangladeshi rice market and food security","2021","Sustainability (Switzerland)","13","11","5981","","","9","10.3390/su13115981","https://www.scopus.com/inward/record.uri?eid=2-s2.0-85107491128&doi=10.3390%2Fsu13115981&partnerID=40&md5=681dbd267d2cb6cc8c90fe4ade8dd7c3","Article","Final","All Open Access; Gold Open Access; Green Final Open Access; Green Open Access","Scopus","2-s2.0-85107491128"
"Adnan, N.; Nordin, S.M.","Adnan, Nadia (57055511900); Nordin, Shahrina Md (25825511800)","57055511900; 25825511800","How COVID 19 effect Malaysian paddy industry? Adoption of green fertilizer a potential resolution","2021","Environment, Development and Sustainability","23","6","","8089","8129","31","10.1007/s10668-020-00978-6","https://www.scopus.com/inward/record.uri?eid=2-s2.0-85091725631&doi=10.1007%2Fs10668-020-00978-6&partnerID=40&md5=2d052947ca8f618ab3ce95c8e2e51b94","Review","Final","All Open Access; Bronze Open Access","Scopus","2-s2.0-85091725631"
"Nasir, M.A.; Qori'Ah, C.G.; Wardhono, A.","Nasir, M. Abd (59246420800); Qori'Ah, Ciplis Gema (57214725748); Wardhono, Adhitya (57022357200)","59246420800; 57214725748; 57022357200","Measuring the competitiveness of cassava in East Java, Indonesia: Evidence in Jember regency","2021","IOP Conference Series: Earth and Environmental Science","759","1","012049","","","2","10.1088/1755-1315/759/1/012049","https://www.scopus.com/inward/record.uri?eid=2-s2.0-85107974720&doi=10.1088%2F1755-1315%2F759%2F1%2F012049&partnerID=40&md5=0d5dfe1770ac32510b68caec53749533","Conference paper","Final","All Open Access; Gold Open Access","Scopus","2-s2.0-85107974720"
"Fridman, D.; Koellner, T.; Kissinger, M.","Fridman, Dor (57200582105); Koellner, Thomas (6507337126); Kissinger, Meidad (16245329400)","57200582105; 6507337126; 16245329400","Exploring global interregional food system's sustainability using the functional regions typology","2021","Global Environmental Change","68","","102276","","","11","10.1016/j.gloenvcha.2021.102276","https://www.scopus.com/inward/record.uri?eid=2-s2.0-85104647987&doi=10.1016%2Fj.gloenvcha.2021.102276&partnerID=40&md5=49d4842c622c10f16f552a58cbe29af1","Article","Final","","Scopus","2-s2.0-85104647987"
"Cordell, D.; Dominish, E.; Esham, M.; Jacobs, B.; Nanda, M.","Cordell, Dana J. (26026606900); Dominish, Elsa (57201485836); Esham, Mohamed Kamrul Hasan (54977456700); Jacobs, Brent C. (8615682100); Nanda, Madhuri (57201682730)","26026606900; 57201485836; 54977456700; 8615682100; 57201682730","Adapting food systems to the twin challenges of phosphorus and climate vulnerability: the case of Sri Lanka","2021","Food Security","13","2","","477","492","7","10.1007/s12571-020-01118-8","https://www.scopus.com/inward/record.uri?eid=2-s2.0-85101264891&doi=10.1007%2Fs12571-020-01118-8&partnerID=40&md5=ad82ed9d2cfe5f7365c3b042e2e1ee82","Article","Final","All Open Access","Scopus","2-s2.0-85101264891"
"Zolkin, A.L.; Matvienko, E.V.; Shavanov, M.V.","Zolkin, A. L. (57220045614); Matvienko, Evgeniy V. (57222467425); Shavanov, Musa Vahaevich (57200984130)","57220045614; 57222467425; 57200984130","Innovative technologies in agricultural crops breeding and seed farming","2021","IOP Conference Series: Earth and Environmental Science","677","2","022092","","","7","10.1088/1755-1315/677/2/022092","https://www.scopus.com/inward/record.uri?eid=2-s2.0-85103252888&doi=10.1088%2F1755-1315%2F677%2F2%2F022092&partnerID=40&md5=f77cc85cd1fea738de5f886843c1f89b","Conference paper","Final","All Open Access; Gold Open Access","Scopus","2-s2.0-85103252888"
"Wu, X.; Xiao, X.; Yang, Z.; Wang, J.; Steiner, J.; Bajgain, R.","Wu, Xiaocui (56196149300); Xiao, Xiangming (7402170368); Yang, Z. (55716568000); Wang, Jie (56386271400); Steiner, J. L. (7201652113); Bajgain, Rajen (56705461600)","56196149300; 7402170368; 55716568000; 56386271400; 7201652113; 56705461600","Spatial-temporal dynamics of maize and soybean planted area, harvested area, gross primary production, and grain production in the Contiguous United States during 2008-2018","2021","Agricultural and Forest Meteorology","297","","108240","","","29","10.1016/j.agrformet.2020.108240","https://www.scopus.com/inward/record.uri?eid=2-s2.0-85096003476&doi=10.1016%2Fj.agrformet.2020.108240&partnerID=40&md5=151f91a57c55b453bddc44f443612696","Article","Final","","Scopus","2-s2.0-85096003476"
"Razali, N.M.; Hisham, S.N.; Kumar, I.S.; Shukla, R.N.; Lee, M.; Bakar, M.F.A.; Nadarajah, K.","Razali, Nurhani Mat (58375986200); Hisham, Siti Norvahida (57222047421); Kumar, Ilakiya Sharanee (57205297502); Shukla, Rohit Nandan (56157107100); Lee, Melvin (57222036740); Bakar, Mohd Faizal Abu (59417751000); Nadarajah, Kalaivani K. (15035978900)","58375986200; 57222047421; 57205297502; 56157107100; 57222036740; 59417751000; 15035978900","Comparative genomics: Insights on the pathogenicity and lifestyle of rhizoctonia solani","2021","International Journal of Molecular Sciences","22","4","2183","1","25","18","10.3390/ijms22042183","https://www.scopus.com/inward/record.uri?eid=2-s2.0-85101152899&doi=10.3390%2Fijms22042183&partnerID=40&md5=3c29442d3f20604d0c50e83474b197c8","Article","Final","All Open Access; Gold Open Access; Green Accepted Open Access; Green Open Access","Scopus","2-s2.0-85101152899"
"Addey, K.A.","Addey, Kwame Asiam (57209400120)","57209400120","The cost of partners’ genetically modified organisms regulatory index on U.S. corn and soybean exports","2021","Food and Energy Security","10","1","e265","","","8","10.1002/fes3.265","https://www.scopus.com/inward/record.uri?eid=2-s2.0-85096827504&doi=10.1002%2Ffes3.265&partnerID=40&md5=1f78348a88b79c9405e54e67eabcdd4f","Article","Final","All Open Access; Gold Open Access; Green Accepted Open Access; Green Open Access","Scopus","2-s2.0-85096827504"
"Wu, F.; Wang, Y.; Liu, Y.U.; Liu, Y.; Zhang, Y.","Wu, Feng (57189375819); Wang, Yihan (59853129200); Liu, Yu (56383915700); Liu, Yawen (57203675219); Zhang, Yali (58875675200)","57189375819; 59853129200; 56383915700; 57203675219; 58875675200","Simulated responses of global rice trade to variations in yield under climate change: Evidence from main rice-producing countries","2021","Journal of Cleaner Production","281","","124690","","","37","10.1016/j.jclepro.2020.124690","https://www.scopus.com/inward/record.uri?eid=2-s2.0-85093979032&doi=10.1016%2Fj.jclepro.2020.124690&partnerID=40&md5=dc8cc2886b8ef4d104c0cebf56a3bff0","Article","Final","","Scopus","2-s2.0-85093979032"
"Golding, P.; Kapadia, S.; Naylor, S.; Schulz, J.; Maier, H.R.; Lall, U.; Van Der Velde, M.","Golding, Peter (57213482183); Kapadia, Sam (57194624678); Naylor, Stella (57194618223); Schulz, Jonathan (57194617225); Maier, Holger R. (7202461054); Lall, Upmanu (7007127326); Van Der Velde, Marijn (12759687800)","57213482183; 57194624678; 57194618223; 57194617225; 7202461054; 7007127326; 12759687800","Trade strategies to mitigate the global impact of regional wheat production shocks","2021","Proceedings of the International Congress on Modelling and Simulation, MODSIM","","","","127","133","0","","https://www.scopus.com/inward/record.uri?eid=2-s2.0-85177062885&partnerID=40&md5=681d169894e4e9d39f51fc4fb4c39058","Conference paper","Final","","Scopus","2-s2.0-85177062885"
"Ankrah, D.A.; Agyei-Holmes, A.; Asuming Boakye, A.A.","Ankrah, Daniel Adu (37074065100); Agyei-Holmes, Andrew (57189891936); Asuming Boakye, Alfred Asuming (40661042300)","37074065100; 57189891936; 40661042300","Ghana's rice value chain resilience in the context of COVID-19","2021","Social Sciences and Humanities Open","4","1","100210","","","23","10.1016/j.ssaho.2021.100210","https://www.scopus.com/inward/record.uri?eid=2-s2.0-85131715527&doi=10.1016%2Fj.ssaho.2021.100210&partnerID=40&md5=5196741d56ec0cc025186ce1d6a9b29e","Article","Final","All Open Access; Gold Open Access; Green Accepted Open Access; Green Open Access","Scopus","2-s2.0-85131715527"
"Vanany, I.; Hajar, G.; Utami, N.M.C.; Jaelani, L.M.","Vanany, Iwan W. (36621484400); Hajar, Granita (57214997958); Utami, Ni Made Cyntia (57215000768); Jaelani, Lalu Muhamad (55953435300)","36621484400; 57214997958; 57215000768; 55953435300","Modelling food security for staple protein in Indonesia using system dynamics approach","2021","Cogent Engineering","8","1","2003945","","","5","10.1080/23311916.2021.2003945","https://www.scopus.com/inward/record.uri?eid=2-s2.0-85121286126&doi=10.1080%2F23311916.2021.2003945&partnerID=40&md5=045197926f0954195a1c1366c77ea1de","Article","Final","All Open Access; Gold Open Access; Green Accepted Open Access; Green Open Access","Scopus","2-s2.0-85121286126"
"Beltrán, J.P.; Casañas, F.; Clotet, R.; Colomer, Y.; Vaqué, L.G.; Martín-Aranda, R.M.; Puigdomenèch, P.; Romagosa, I.","Beltrán, José Pío (56254088100); Casañas, Francesc (60083838400); Clotet, Ramón (56199982700); Colomer, Yvonne (6505528658); Vaqué, Luís González (47562320400); Martín-Aranda, Rosa María (6701558651); Puigdomenèch, Pére (56242984900); Romagosa, Ignacio (7003945085)","56254088100; 60083838400; 56199982700; 6505528658; 47562320400; 6701558651; 56242984900; 7003945085","Food security and innovative tools with a global food system approach","2021","European Food and Feed Law Review","16","3","","202","211","0","","https://www.scopus.com/inward/record.uri?eid=2-s2.0-85121282075&partnerID=40&md5=723a54c955c4f50f785bef8beabdd315","Article","Final","","Scopus","2-s2.0-85121282075"
"Zhao, F.; Sun, P.; Zhang, J.","Zhao, Feng (57212611490); Sun, Pingping (57221308194); Zhang, Jie (57218507626)","57212611490; 57221308194; 57218507626","Modeling the Grain Import Trade: A Cointegration Analysis of China's Panel Data","2021","Discrete Dynamics in Nature and Society","2021","","3673282","","","7","10.1155/2021/3673282","https://www.scopus.com/inward/record.uri?eid=2-s2.0-85118986751&doi=10.1155%2F2021%2F3673282&partnerID=40&md5=6ba093d01d8ea3568c446433df6ada51","Article","Final","All Open Access; Gold Open Access; Green Accepted Open Access; Green Open Access","Scopus","2-s2.0-85118986751"
"Guwela, V.F.; Maliro, M.F.A.; Joy, E.J.M.; Tang, K.; Bokosi, J.; Hawkesford, M.J.; Broadley, M.R.; King, J.","Guwela, Veronica F. (57193554029); Maliro, Moses F.A. (6506553882); Joy, Edward J.M. (55332529300); Tang, Kevin (57239423100); Bokosi, James M. (14037096500); Hawkesford, Malcolm John (6701753479); Broadley, Martin R. (7003414033); King, Julie (55551918400)","57193554029; 6506553882; 55332529300; 57239423100; 14037096500; 6701753479; 7003414033; 55551918400","Wheat value chains in Malawi: Trends, gaps, challenges and opportunities","2021","CAB Reviews: Perspectives in Agriculture, Veterinary Science, Nutrition and Natural Resources","16","46","","","","2","10.1079/PAVSNNR202116046","https://www.scopus.com/inward/record.uri?eid=2-s2.0-85113985197&doi=10.1079%2FPAVSNNR202116046&partnerID=40&md5=57457f32f58651b30ec60ce8e603b5b0","Review","Final","","Scopus","2-s2.0-85113985197"
"Almas, L.K.; Usman, M.","Almas, Lal Khan (57204205465); Usman, Muhammad (58717422000)","57204205465; 58717422000","Determinants of wheat consumption, irrigated agriculture, and food security challenges in egypt","2021","WSEAS Transactions on Environment and Development","17","","","696","712","10","10.37394/232015.2021.17.67","https://www.scopus.com/inward/record.uri?eid=2-s2.0-85111291791&doi=10.37394%2F232015.2021.17.67&partnerID=40&md5=eee979faeca9392a240c6e0cc50dfa21","Article","Final","All Open Access; Gold Open Access","Scopus","2-s2.0-85111291791"
"Wegren, S.K.; Nilssen, F.","Wegren, Stephen K. (7004273823); Nilssen, Frode (6507334964)","7004273823; 6507334964","Russia’s changing role in the international agri-food system and why it matters","2021","Post-Communist Economies","33","8","","939","968","4","10.1080/14631377.2021.1943914","https://www.scopus.com/inward/record.uri?eid=2-s2.0-85111018905&doi=10.1080%2F14631377.2021.1943914&partnerID=40&md5=d1730430a19de6693c15de39cf3dfc1f","Article","Final","","Scopus","2-s2.0-85111018905"
"Abrhám, J.; Vošta, M.; Čajka, P.; Rubáček, F.","Abrhám, Josef (23491322600); Vošta, Milan (6506027314); Čajka, Peter (56602806600); Rubáček, Filip (57216564076)","23491322600; 6506027314; 56602806600; 57216564076","The specifics of selected agricultural commodities in international trade","2021","Agricultural and Resource Economics","7","2","","5","19","14","10.51599/are.2021.07.02.01","https://www.scopus.com/inward/record.uri?eid=2-s2.0-85109080787&doi=10.51599%2Fare.2021.07.02.01&partnerID=40&md5=5f8ab70951969f83a5412c6f93ae7bb4","Article","Final","All Open Access; Gold Open Access; Green Accepted Open Access; Green Open Access","Scopus","2-s2.0-85109080787"
"Kusumawardani, A.; Laksmono, B.S.; Setyawati, L.; Soesilo, T.E.B.","Kusumawardani, Adriani (57224906160); Laksmono, Bambang Shergi (25823852000); Setyawati, Lugina (57204103221); Soesilo, Tri Edhi Budhi (57193915879)","57224906160; 25823852000; 57204103221; 57193915879","A Policy Construction for Sustainable Rice Food Sovereignty in Indonesia","2021","Potravinarstvo Slovak Journal of Food Sciences","15","","","484","496","9","10.5219/1533","https://www.scopus.com/inward/record.uri?eid=2-s2.0-85108550379&doi=10.5219%2F1533&partnerID=40&md5=66ba276e24bd0d19eddd3fe2ce88b1bf","Article","Final","All Open Access; Gold Open Access; Green Accepted Open Access; Green Open Access","Scopus","2-s2.0-85108550379"
"Khanh, T.D.; Duong, V.X.; Nguyen, P.C.; Xuan, T.D.; Trung, N.T.; Trung, K.H.; Gioi, D.H.; Hoang, N.H.; Tran, H.-D.; Trung, D.M.; Thu Huong, B.T.T.","Khanh, Tran Dang (6603569488); Duong, Vu Xuan (57217017275); Nguyen, Phi Cong (57223395939); Xuan, T. D. (7003473828); Trung, N. T. (57217572244); Trung, Khuat Huu (13610888800); Gioi, Donghuy (57209267039); Hoang, Nguyen Huy (57531579400); Tran, Hoang Dung (57202392125); Trung, Do Minh (57193920478); Thu Huong, Bui Thi (57209268692)","6603569488; 57217017275; 57223395939; 7003473828; 57217572244; 13610888800; 57209267039; 57531579400; 57202392125; 57193920478; 57209268692","Rice breeding in Vietnam: Retrospects, challenges and prospects","2021","Agriculture (Switzerland)","11","5","397","","","24","10.3390/agriculture11050397","https://www.scopus.com/inward/record.uri?eid=2-s2.0-85105777610&doi=10.3390%2Fagriculture11050397&partnerID=40&md5=add35eda6d0aab6e2ec3a6fd027a7ccd","Review","Final","All Open Access; Gold Open Access; Green Accepted Open Access; Green Open Access","Scopus","2-s2.0-85105777610"
"Falkendal, T.; Otto, C.; Schewe, J.; Jaegermeyr, J.; Konar, M.; Kummu, M.; Watkins, B.; Puma, M.J.","Falkendal, Theresa (57194546227); Otto, Christian (35100816100); Schewe, Jacob (23487007900); Jaegermeyr, Jonas (35179843900); Konar, Megan (36623797700); Kummu, Matti (14050683600); Watkins, Ben (57223325255); Puma, Michael J. (8414341100)","57194546227; 35100816100; 23487007900; 35179843900; 36623797700; 14050683600; 57223325255; 8414341100","Grain export restrictions during COVID-19 risk food insecurity in many low- and middle-income countries","2021","Nature Food","2","1","","11","14","130","10.1038/s43016-020-00211-7","https://www.scopus.com/inward/record.uri?eid=2-s2.0-85103732259&doi=10.1038%2Fs43016-020-00211-7&partnerID=40&md5=fbfcbcc3a1354c8d7c5db9ce02bba8d5","Article","Final","All Open Access; Bronze Open Access; Green Accepted Open Access; Green Open Access","Scopus","2-s2.0-85103732259"
"Zhai, R.; Tao, F.; Lall, U.; Elliott, J.","Zhai, Ran (57206366358); Tao, Fulu (55843124400); Lall, Upmanu (7007127326); Elliott, Joshua W. (55422916100)","57206366358; 55843124400; 7007127326; 55422916100","Africa Would Need to Import More Maize in the Future Even Under 1.5°C Warming Scenario","2021","Earth's Future","9","1","e2020EF001574","","","17","10.1029/2020EF001574","https://www.scopus.com/inward/record.uri?eid=2-s2.0-85099993095&doi=10.1029%2F2020EF001574&partnerID=40&md5=a60ef3af19e1601ad79351963b3d7c51","Article","Final","All Open Access; Gold Open Access; Green Accepted Open Access; Green Open Access","Scopus","2-s2.0-85099993095"
"Dalheimer, B.; Herwartz, H.; Lange, A.","Dalheimer, Bernhard (57203241120); Herwartz, Helmut (6603405334); Lange, Alexander (57209713353)","57203241120; 6603405334; 57209713353","The threat of oil market turmoils to food price stability in Sub-Saharan Africa","2021","Energy Economics","93","","105029","","","46","10.1016/j.eneco.2020.105029","https://www.scopus.com/inward/record.uri?eid=2-s2.0-85097347155&doi=10.1016%2Fj.eneco.2020.105029&partnerID=40&md5=1518e9c0fa0ed3ca8dc448d92cb75d7e","Article","Final","All Open Access; Gold Open Access","Scopus","2-s2.0-85097347155"
"Yu, X.; Luo, H.; Wang, H.; Feil, J.-H.","Yu, Xiaohua (35207571100); Luo, Hengrong (57217229551); Wang, Hanjie (57209338100); Feil, Jan Henning (55821608200)","35207571100; 57217229551; 57209338100; 55821608200","Climate change and agricultural trade in central Asia: evidence from Kazakhstan","2020","Ecosystem Health and Sustainability","6","1","1766380","","","31","10.1080/20964129.2020.1766380","https://www.scopus.com/inward/record.uri?eid=2-s2.0-85086849179&doi=10.1080%2F20964129.2020.1766380&partnerID=40&md5=2e0cc317ffd23e1b223472622f4d5511","Article","Final","All Open Access; Gold Open Access; Green Accepted Open Access; Green Open Access","Scopus","2-s2.0-85086849179"
"Jones, R.A.C.","Jones, Roger A.C. (57203513473)","57203513473","Disease pandemics and major epidemics arising from new encounters between indigenous viruses and introduced crops","2020","Viruses","12","12","1388","","","71","10.3390/v12121388","https://www.scopus.com/inward/record.uri?eid=2-s2.0-85097514606&doi=10.3390%2Fv12121388&partnerID=40&md5=e65871d8bc1e33e8a5f5165fab6d2a81","Review","Final","All Open Access; Gold Open Access; Green Accepted Open Access; Green Open Access","Scopus","2-s2.0-85097514606"
"Tanaka, T.; Guo, J.","Tanaka, Tetsuji (55727256500); Guo, Jin (56182757700)","55727256500; 56182757700","How does the self-sufficiency rate affect international price volatility transmissions in the wheat sector? Evidence from wheat-exporting countries","2020","Humanities and Social Sciences Communications","7","1","26","","","20","10.1057/s41599-020-0510-8","https://www.scopus.com/inward/record.uri?eid=2-s2.0-85089387891&doi=10.1057%2Fs41599-020-0510-8&partnerID=40&md5=33189161bfa73cd48287a180d7b68077","Article","Final","All Open Access; Gold Open Access; Green Accepted Open Access; Green Open Access","Scopus","2-s2.0-85089387891"
"Yami, M.; Meyer, F.; Hassan, R.","Yami, Mesay (57193992739); Meyer, Ferdinand H. (36559982000); Hassan, Rashid M. (7102127911)","57193992739; 36559982000; 7102127911","The impact of production shocks on maize markets in Ethiopia: implications for regional trade and food security","2020","Agricultural and Food Economics","8","1","8","","","18","10.1186/s40100-020-0153-5","https://www.scopus.com/inward/record.uri?eid=2-s2.0-85079699560&doi=10.1186%2Fs40100-020-0153-5&partnerID=40&md5=ecdedacc76f3a5cb39dcc26630c2013f","Article","Final","All Open Access; Gold Open Access; Green Accepted Open Access; Green Open Access","Scopus","2-s2.0-85079699560"
"Delpasand, M.; Bozorg-Haddad, O.; Loáiciga, H.A.","Delpasand, Mohammad (57216178858); Bozorg-Haddad, Omid (8631076400); Loáiciga, Hugo A. (7005327958)","57216178858; 8631076400; 7005327958","Integrated virtual water trade management considering self-sufficient production of strategic agricultural and industrial products","2020","Science of the Total Environment","743","","140797","","","21","10.1016/j.scitotenv.2020.140797","https://www.scopus.com/inward/record.uri?eid=2-s2.0-85087807731&doi=10.1016%2Fj.scitotenv.2020.140797&partnerID=40&md5=2b1937be9334a9121ad2feb338b99357","Article","Final","All Open Access; Bronze Open Access","Scopus","2-s2.0-85087807731"
"Hoang Duong, L.; Thanh Dat, H.; Chung, N.; Vu, V.; Thanh-Hung, N.; Huynh, Q.-T.","Hoang Duong, Le (59159177300); Thanh Dat, Hoang (59455305300); Chung, Nguyen Thanh (25026622400); Vu, Tuyet Trinh (57221604083); Thanh-Hung, Nguyen (15851779500); Huynh, Quyet Thang (36626689700)","59159177300; 59455305300; 25026622400; 57221604083; 15851779500; 36626689700","Monitoring Rice Crop with Dense Segmentation on Satellite Images: A case study in Vietnamese Mekong Delta","2020","Proceedings - 2020 12th International Conference on Knowledge and Systems Engineering, KSE 2020","","","9287368","189","194","1","10.1109/KSE50997.2020.9287368","https://www.scopus.com/inward/record.uri?eid=2-s2.0-85099554661&doi=10.1109%2FKSE50997.2020.9287368&partnerID=40&md5=bb6b3279fb867b8d77b6d1ec34e93e3a","Conference paper","Final","","Scopus","2-s2.0-85099554661"
"El Baroudy, A.A.; Ali, A.M.; Said Mohamed, E.S.; Moghanm, F.S.; Shokr, M.S.; Savin, I.; Poddubsky, A.; Ding, Z.; Kheir, A.M.S.; Aldosari, A.A.; Elfadaly, A.; Dokukin, P.; Lasaponara, R.","El Baroudy, A. A. (36951445200); Ali, Abdelraouf M. (53663822900); Said Mohamed, Elsayed Said (55418870300); Moghanm, Farahat Saad (53064396200); Shokr, Mohamed S. (57214715771); Savin, Igor Yuryevich (7003650252); Poddubsky, A. Alexandrovich (57195522532); Ding, Zheli (55293059800); Kheir, Ahmed M.S. (57197744662); Aldosari, Ali Abdullah (36551903100); Elfadaly, Abdelaziz (57190283466); Dokukin, Peter A. (56888678000); Lasaponara, Rosa (6603298083)","36951445200; 53663822900; 55418870300; 53064396200; 57214715771; 7003650252; 57195522532; 55293059800; 57197744662; 36551903100; 57190283466; 56888678000; 6603298083","Modeling land suitability for rice crop using remote sensing and soil quality indicators: The case study of the nile delta","2020","Sustainability (Switzerland)","12","22","9653","1","25","62","10.3390/su12229653","https://www.scopus.com/inward/record.uri?eid=2-s2.0-85096367356&doi=10.3390%2Fsu12229653&partnerID=40&md5=de77a37a58acba03f62a6b57c213a6a7","Article","Final","All Open Access; Gold Open Access; Green Accepted Open Access; Green Open Access","Scopus","2-s2.0-85096367356"
"Ahmad, I.; Singh, A.; Fahad, M.; Waqas, M.M.","Ahmad, Ishfaq (57212422463); Singh, Aditya (55487570300); Fahad, Muhammad (59514302900); Waqas, Muhammad Mohsin (57213384396)","57212422463; 55487570300; 59514302900; 57213384396","Remote sensing-based framework to predict and assess the interannual variability of maize yields in Pakistan using Landsat imagery","2020","Computers and Electronics in Agriculture","178","","105732","","","27","10.1016/j.compag.2020.105732","https://www.scopus.com/inward/record.uri?eid=2-s2.0-85089570717&doi=10.1016%2Fj.compag.2020.105732&partnerID=40&md5=aa8b9fd928f0a5496c9bc0cfd21f2e23","Article","Final","","Scopus","2-s2.0-85089570717"
"Arifah Purnamasari, S.; Masyhuri, n.; Mulyo, J.; Jamhari, J.","Arifah Purnamasari, Siti (57219447463); Masyhuri, n. (57190936582); Mulyo, Jangkung Handoyo (57193761320); Jamhari, Jamhari (57218833614)","57219447463; 57190936582; 57193761320; 57218833614","Indonesian maize imports: A gravity approach","2020","IOP Conference Series: Earth and Environmental Science","518","1","012021","","","0","10.1088/1755-1315/518/1/012021","https://www.scopus.com/inward/record.uri?eid=2-s2.0-85092784480&doi=10.1088%2F1755-1315%2F518%2F1%2F012021&partnerID=40&md5=a47a5335d7ade79c82e662c0ff2c52e6","Conference paper","Final","All Open Access; Gold Open Access","Scopus","2-s2.0-85092784480"
"Sadiq, M.S.; Singh, I.P.; Ahmad, M.M.","Sadiq, Mohammed Sanusi (57214152226); Singh, Invinder Paul (57220925882); Ahmad, Muhammad Makarfi (57223342255)","57214152226; 57220925882; 57223342255","The Politics of Rice Production in Nigeria-Can Nigeria Become Net Exporter or Will Remained Net Importer?","2020","Economic Affairs (New Delhi)","65","3","","309","321","0","10.46852/0424-2513.3.2020.1","https://www.scopus.com/inward/record.uri?eid=2-s2.0-85151023003&doi=10.46852%2F0424-2513.3.2020.1&partnerID=40&md5=95a924763ccd5cad1a41a62195c62dbf","Article","Final","All Open Access; Gold Open Access","Scopus","2-s2.0-85151023003"
"Musch, M.","Musch, Marie (57210274607)","57210274607","The EU’s Position in the Trade-Food Security Nexus: Embedded Neoliberalism Reinforced","2020","European Foreign Affairs Review","25","3","","399","426","0","10.54648/EERR2020030","https://www.scopus.com/inward/record.uri?eid=2-s2.0-85129896300&doi=10.54648%2FEERR2020030&partnerID=40&md5=598c2498ed1b637bc29c73a1bc32d6e0","Article","Final","","Scopus","2-s2.0-85129896300"
"Yessakhmetova, L.; Joldasbayeva, G.; Sauranova, M.","Yessakhmetova, Lyailya (59328285200); Joldasbayeva, Gulnar K. (57205725647); Sauranova, Meruert M. (57220025311)","59328285200; 57205725647; 57220025311","FOOD SECURITY PECULARITIES: FACTORS AFFECTING EXPORT CAPACITIES OF ONE OF THE MAJOR WORD GRAIN PRODUCER","2020","Journal of Security and Sustainability Issues","10","1","","321","328","1","10.9770/jssi.2020.10.1(23)","https://www.scopus.com/inward/record.uri?eid=2-s2.0-85096515298&doi=10.9770%2Fjssi.2020.10.1%2823%29&partnerID=40&md5=17e17a517ce98d3da8f8ce1ac3beba2d","Article","Final","All Open Access; Gold Open Access","Scopus","2-s2.0-85096515298"
"Ragasa, C.; Andam, K.S.; Asante, S.B.; Amewu, S.","Ragasa, Catherine (36633069600); Andam, Kwaw S. (25640919700); Asante, Seth B. (57191616824); Amewu, Sena (57205682012)","36633069600; 25640919700; 57191616824; 57205682012","Can local products compete against imports in West Africa? Supply- and demand-side perspectives on chicken, rice, and tilapia in Ghana","2020","Global Food Security","26","","100448","","","28","10.1016/j.gfs.2020.100448","https://www.scopus.com/inward/record.uri?eid=2-s2.0-85093113400&doi=10.1016%2Fj.gfs.2020.100448&partnerID=40&md5=5a0c0d962024efe67aac186fe2ab9672","Article","Final","","Scopus","2-s2.0-85093113400"
"Arouna, A.; Soullier, G.; Mendez del Villar, P.; Demont, M.","Arouna, Aminou (24278861700); Soullier, Guillaume (57203261089); Mendez del Villar, Patricio (6507984384); Demont, Matty (35291924500)","24278861700; 57203261089; 6507984384; 35291924500","Policy options for mitigating impacts of COVID-19 on domestic rice value chains and food security in West Africa","2020","Global Food Security","26","","100405","","","74","10.1016/j.gfs.2020.100405","https://www.scopus.com/inward/record.uri?eid=2-s2.0-85087984521&doi=10.1016%2Fj.gfs.2020.100405&partnerID=40&md5=4fa863f410fae809c86442bda0894086","Article","Final","All Open Access; Green Accepted Open Access; Green Open Access; Hybrid Gold Open Access","Scopus","2-s2.0-85087984521"
"Li, J.; Liu, W.; Song, Z.","Li, Jingdong (57206965160); Liu, Weidong (56244286200); Song, Zhouying (55220246100)","57206965160; 56244286200; 55220246100","Sustainability of the adjustment schemes in China's grain price support policy-An empirical analysis based on the partial equilibrium model of wheat","2020","Sustainability (Switzerland)","12","16","6447","","","21","10.3390/su12166447","https://www.scopus.com/inward/record.uri?eid=2-s2.0-85089916823&doi=10.3390%2Fsu12166447&partnerID=40&md5=977c053b1074c8e8bffc4c443e210409","Article","Final","All Open Access; Gold Open Access; Green Accepted Open Access; Green Open Access","Scopus","2-s2.0-85089916823"
"Paul, G.; Saha, S.; Hembram, T.K.","Paul, Gopal Chandra (57210123600); Saha, Sunil (57221551341); Hembram, Tusar Kanti (57203896769)","57210123600; 57221551341; 57203896769","Application of phenology-based algorithm and linear regression model for estimating rice cultivated areas and yield using remote sensing data in Bansloi River Basin, Eastern India","2020","Remote Sensing Applications: Society and Environment","19","","100367","","","39","10.1016/j.rsase.2020.100367","https://www.scopus.com/inward/record.uri?eid=2-s2.0-85088866049&doi=10.1016%2Fj.rsase.2020.100367&partnerID=40&md5=9b6e0c57b5b6f464d1db23f1e4625087","Article","Final","","Scopus","2-s2.0-85088866049"
"Bren D'Amour, C.; Anderson, W.","Bren D'Amour, Christopher (57188625365); Anderson, Weston B. (55977166500)","57188625365; 55977166500","International trade and the stability of food supplies in the Global South","2020","Environmental Research Letters","15","7","074005","","","36","10.1088/1748-9326/ab832f","https://www.scopus.com/inward/record.uri?eid=2-s2.0-85087328019&doi=10.1088%2F1748-9326%2Fab832f&partnerID=40&md5=202c578151884cf28daea94d0e989255","Article","Final","All Open Access; Gold Open Access; Green Accepted Open Access; Green Open Access","Scopus","2-s2.0-85087328019"
"Karandish, F.; Hoekstra, A.Y.; Hogeboom, R.J.","Karandish, Fatemeh (56681208300); Hoekstra, Arjen Y. (7007050344); Hogeboom, Rick J. (55660827700)","56681208300; 7007050344; 55660827700","Reducing food waste and changing cropping patterns to reduce water consumption and pollution in cereal production in Iran","2020","Journal of Hydrology","586","","124881","","","48","10.1016/j.jhydrol.2020.124881","https://www.scopus.com/inward/record.uri?eid=2-s2.0-85082715571&doi=10.1016%2Fj.jhydrol.2020.124881&partnerID=40&md5=0108ce0fd70695e9ff8b1a339ecc44fa","Article","Final","All Open Access; Bronze Open Access; Green Accepted Open Access; Green Open Access","Scopus","2-s2.0-85082715571"
"Tiwari, V.; Matin, M.A.; Mueen Qamer, F.M.; Ellenburg, W.L.; Bajracharya, B.; Vadrevu, K.; Rushi, B.R.; Yusafi, W.","Tiwari, Varun (57206387485); Matin, Mir Abdul (35576373500); Mueen Qamer, Faisal Mueen (55234984500); Ellenburg, Walter Lee (35098639300); Bajracharya, Birendra (23110503000); Vadrevu, Krishna Prasad (15081795000); Rushi, Begum Rabeya (57217492400); Yusafi, Waheedullah (57217489905)","57206387485; 35576373500; 55234984500; 35098639300; 23110503000; 15081795000; 57217492400; 57217489905","Wheat Area Mapping in Afghanistan Based on Optical and SAR Time-Series Images in Google Earth Engine Cloud Environment","2020","Frontiers in Environmental Science","8","","77","","","36","10.3389/fenvs.2020.00077","https://www.scopus.com/inward/record.uri?eid=2-s2.0-85087306998&doi=10.3389%2Ffenvs.2020.00077&partnerID=40&md5=153c2ae1feee0f740ed72850fe770f1f","Article","Final","All Open Access; Gold Open Access; Green Accepted Open Access; Green Open Access","Scopus","2-s2.0-85087306998"
"Maitah, K.; Smutka, L.; Sahatqija, J.; Maitah, M.; Anh, N.P.","Maitah, Kamil (57205713637); Smutka, L. (30567922800); Sahatqija, Jeta (57215056441); Maitah, Mansoor (54684629900); Anh, Nguyen Phuong (57217259018)","57205713637; 30567922800; 57215056441; 54684629900; 57217259018","Rice as a determinant of Vietnamese economic sustainability","2020","Sustainability (Switzerland)","12","12","5123","","","36","10.3390/su12125123","https://www.scopus.com/inward/record.uri?eid=2-s2.0-85086938652&doi=10.3390%2Fsu12125123&partnerID=40&md5=fc7dd995b6100edeca02e8994d9436bd","Article","Final","All Open Access; Gold Open Access; Green Accepted Open Access; Green Open Access","Scopus","2-s2.0-85086938652"
"Quellhorst, H.E.; Njoroge, A.; Venort, T.; Baributsa, D.","Quellhorst, Hannah E. (57201359889); Njoroge, Anastasia Wanjiru (56051882900); Venort, Taisha (55758957400); Baributsa, Dieudonne N. (24474130800)","57201359889; 56051882900; 55758957400; 24474130800","Postharvest management of grains in Haiti and gender roles","2020","Sustainability (Switzerland)","12","11","4608","","","3","10.3390/su12114608","https://www.scopus.com/inward/record.uri?eid=2-s2.0-85086366644&doi=10.3390%2Fsu12114608&partnerID=40&md5=77cc5c226f454a9feadd8591f54a54ba","Article","Final","All Open Access; Gold Open Access; Green Accepted Open Access; Green Open Access","Scopus","2-s2.0-85086366644"
"Soullier, G.; Demont, M.; Arouna, A.; Lançon, F.; Mendez del Villar, P.","Soullier, Guillaume (57203261089); Demont, Matty (35291924500); Arouna, Aminou (24278861700); Lançon, Frédéric (55531403900); Mendez del Villar, Patricio (6507984384)","57203261089; 35291924500; 24278861700; 55531403900; 6507984384","The state of rice value chain upgrading in West Africa","2020","Global Food Security","25","","100365","","","78","10.1016/j.gfs.2020.100365","https://www.scopus.com/inward/record.uri?eid=2-s2.0-85082853340&doi=10.1016%2Fj.gfs.2020.100365&partnerID=40&md5=ae16f24bd4cd0d0016749c3c09a78051","Review","Final","All Open Access; Green Accepted Open Access; Green Open Access; Hybrid Gold Open Access","Scopus","2-s2.0-85082853340"
"Araujo-Enciso, S.R.; Fellmann, T.","Araujo-Enciso, Sergio René (57120207100); Fellmann, Thomas (24831806300)","57120207100; 24831806300","Yield Variability and Harvest Failures in Russia, Ukraine and Kazakhstan and Their Possible Impact on Food Security in the Middle East and North Africa","2020","Journal of Agricultural Economics","71","2","","493","516","24","10.1111/1477-9552.12367","https://www.scopus.com/inward/record.uri?eid=2-s2.0-85076094749&doi=10.1111%2F1477-9552.12367&partnerID=40&md5=47f6d4401b5ecb23d22ad0d2b1d717b1","Article","Final","All Open Access; Hybrid Gold Open Access","Scopus","2-s2.0-85076094749"
"Kennedy, P.L.; Schmitz, A.; van Kooten, G.C.","Kennedy, P. Lynn (24729063300); Schmitz, Andrew (36004395200); van Kooten, G. Cornelis (7003706390)","24729063300; 36004395200; 7003706390","The Role of Storage and Trade in Food Security","2020","Journal of Agricultural and Food Industrial Organization","18","1","20190056","","","2","10.1515/jafio-2019-0056","https://www.scopus.com/inward/record.uri?eid=2-s2.0-85075031890&doi=10.1515%2Fjafio-2019-0056&partnerID=40&md5=f2940e6a556dd106bd5a9f16a63eb8be","Review","Final","","Scopus","2-s2.0-85075031890"
"Heslin, A.; Puma, M.J.; Marchand, P.; Carr, J.A.; Dell'Angelo, J.; D'Odorico, P.; Gephart, J.A.; Kummu, M.; Porkka, M.; Rulli, M.C.; Seekell, D.A.; Suweis, S.; Tavoni, A.","Heslin, Alison (56533965100); Puma, Michael J. (8414341100); Marchand, Philippe (56704608500); Carr, Joel A. (36337804000); Dell'Angelo, Jampel (56203236600); D'Odorico, Paolo (7004259223); Gephart, Jessica Ann (55811795300); Kummu, Matti (14050683600); Porkka, Miina (55308409200); Rulli, Maria Crtistina (6603788904); Seekell, David A. (36671917300); Suweis, Samir Simon (36087945400); Tavoni, Alessandro (45561690000)","56533965100; 8414341100; 56704608500; 36337804000; 56203236600; 7004259223; 55811795300; 14050683600; 55308409200; 6603788904; 36671917300; 36087945400; 45561690000","Simulating the Cascading Effects of an Extreme Agricultural Production Shock: Global Implications of a Contemporary US Dust Bowl Event","2020","Frontiers in Sustainable Food Systems","4","","26","","","36","10.3389/fsufs.2020.00026","https://www.scopus.com/inward/record.uri?eid=2-s2.0-85083047386&doi=10.3389%2Ffsufs.2020.00026&partnerID=40&md5=262ce0624bc38cdc2c3c03710192fbe3","Article","Final","All Open Access; Gold Open Access; Green Accepted Open Access; Green Open Access","Scopus","2-s2.0-85083047386"
"Madimu, T.","Madimu, Tapiwa (57191840228)","57191840228","Food Imports, Hunger and State Making in Zimbabwe, 2000–2009","2020","Journal of Asian and African Studies","55","1","","128","144","9","10.1177/0021909619868735","https://www.scopus.com/inward/record.uri?eid=2-s2.0-85071503794&doi=10.1177%2F0021909619868735&partnerID=40&md5=e9f5ebfe03a98275f30d0b6544fccfc2","Article","Final","","Scopus","2-s2.0-85071503794"
"Cho, S.B.; Lee, Y.W.","Cho, Soobin (57339384700); Lee, Yangwon (37030925300)","57339384700; 37030925300","Rice yield modeling in China using climate data with deep neural network","2020","40th Asian Conference on Remote Sensing, ACRS 2019: Progress of Remote Sensing Technology for Smart Future","","","","","","1","","https://www.scopus.com/inward/record.uri?eid=2-s2.0-85105832588&partnerID=40&md5=85b6bb47b1ff83c2d74470dfbc0cdfd2","Conference paper","Final","","Scopus","2-s2.0-85105832588"
"Khalatur, S.; Zhylenko, K.; Vinichenko, I.; Trokhymets, O.; Kriuchko, L.","Khalatur, Svitlana M. (57190437698); Zhylenko, Kateryna (57203780981); Vinichenko, Igor I. (57130900200); Trokhymets, Olena (57211523137); Kriuchko, Lesia S. (57210999708)","57190437698; 57203780981; 57130900200; 57211523137; 57210999708","The formation of the international imperatives of the national (Food) security coefficient in Ukraine under globalization; Międzynarodowe czynniki kształtujące współczynnik bezpieczeństwa narodowego (Żywnościowego) Ukrainy w warunkach globalizacji","2020","Przeglad Strategiczny","","13","","455","475","2","10.14746/ps.2020.1.28","https://www.scopus.com/inward/record.uri?eid=2-s2.0-85098573526&doi=10.14746%2Fps.2020.1.28&partnerID=40&md5=15d7a352090de9f73edeab4637056f2f","Article","Final","All Open Access; Gold Open Access; Green Accepted Open Access; Green Open Access","Scopus","2-s2.0-85098573526"
"Hasan, M.K.; Tanaka, T.S.T.; Alam, M.M.; Rostom Ali, M.R.; Saha, C.K.","Hasan, Md Kamrul (59618008000); Tanaka, Takashi S.T. (57211710745); Alam, M. M.Mahbub (57213805377); Rostom Ali, Md Rostom (55505430900); Saha, Chayan Kumer (26665670900)","59618008000; 57211710745; 57213805377; 55505430900; 26665670900","Impact of modern rice harvesting practices over traditional ones","2020","Reviews in Agricultural Science","8","","","89","108","33","10.7831/ras.8.0_89","https://www.scopus.com/inward/record.uri?eid=2-s2.0-85090751294&doi=10.7831%2Fras.8.0_89&partnerID=40&md5=cee65c116bc8358e7e349ade04e117b9","Review","Final","All Open Access; Gold Open Access; Green Accepted Open Access; Green Open Access","Scopus","2-s2.0-85090751294"
"Vasylieva, N.","Vasylieva, Natalia (7103081024)","7103081024","Ukrainian cereals in global food security: Production and export components","2020","Montenegrin Journal of Economics","16","2","","143","153","1","10.14254/1800-5845/2020.16-2.11","https://www.scopus.com/inward/record.uri?eid=2-s2.0-85085612639&doi=10.14254%2F1800-5845%2F2020.16-2.11&partnerID=40&md5=35733f12f3a15114908e129ad798a71a","Article","Final","All Open Access; Gold Open Access; Green Accepted Open Access; Green Open Access","Scopus","2-s2.0-85085612639"
"Melnikov, A.B.; Mikhailushkin, P.V.; Popok, L.E.","Melnikov, Alexander Borisovich (57191737747); Mikhailushkin, Pavel Valerievich (57191723514); Popok, L. E. (57210291226)","57191737747; 57191723514; 57210291226","Prospects for the development of advanced grain processing in Russia","2020","International Journal of Economics and Business Administration","8","2","","276","282","3","10.35808/ijeba/460","https://www.scopus.com/inward/record.uri?eid=2-s2.0-85083768444&doi=10.35808%2Fijeba%2F460&partnerID=40&md5=679c3c50d535e93146f21b60cecdafee","Article","Final","All Open Access; Gold Open Access","Scopus","2-s2.0-85083768444"
"Xie, C.; Grant, J.H.; Boys, K.A.","Xie, Chaoping (56518887500); Grant, Jason H. (13410169900); Boys, Kathryn A. (16302975900)","56518887500; 13410169900; 16302975900","Do state-owned enterprises benefit more from China's cereal grain tariff-rate quota regime?","2019","Canadian Journal of Agricultural Economics","67","4","","397","416","6","10.1111/cjag.12213","https://www.scopus.com/inward/record.uri?eid=2-s2.0-85076228890&doi=10.1111%2Fcjag.12213&partnerID=40&md5=53c5a6eeff17dc0477fe7103faee2549","Article","Final","","Scopus","2-s2.0-85076228890"
"Roy, B.B.; Chowdhury, R.; Baroi, A.R.; Rahman, S.; Powers, S.M.; Milne, N.; Sujauddin, M.","Roy, Bidhan Bhuson (57212260489); Chowdhury, Rubel Biswas (35755240200); Baroi, Amit Robert (57212260372); Rahman, Shupa (57205577702); Powers, Stephen M. (25724664700); Milne, Nicholas A. (14054694500); Sujauddin, Mohammad (21935225300)","57212260489; 35755240200; 57212260372; 57205577702; 25724664700; 14054694500; 21935225300","Unravelling the anthropogenic pathways of phosphorus in the food production and consumption system of Bangladesh through the lens of substance flow analysis","2019","Journal of Industrial Ecology","23","6","","1439","1455","18","10.1111/jiec.12935","https://www.scopus.com/inward/record.uri?eid=2-s2.0-85074267828&doi=10.1111%2Fjiec.12935&partnerID=40&md5=ea5009be6dea2cf6316477ba69ea02c7","Article","Final","","Scopus","2-s2.0-85074267828"
"Ali, T.; Nadeem, A.M.; Riaz, M.F.; Xie, W.","Ali, Tariq (55543788800); Nadeem, Abdul Majeed (57211902136); Riaz, Muhammad Faraz (57213314249); Xie, Wei (35212707700)","55543788800; 57211902136; 57213314249; 35212707700","Sustainable water use for international agricultural trade: The case of Pakistan","2019","Water (Switzerland)","11","11","2259","","","8","10.3390/w11112259","https://www.scopus.com/inward/record.uri?eid=2-s2.0-85075579568&doi=10.3390%2Fw11112259&partnerID=40&md5=b1e6532b3b8aaf9c86953d3291013024","Article","Final","All Open Access; Gold Open Access; Green Accepted Open Access; Green Open Access","Scopus","2-s2.0-85075579568"
"Apazhev, A.K.; Fiapshev, A.G.; Shekikhachev, Iu.A.; Khazhmetov, L.M.; Khazhmetova, A.L.; Ashabokov, Kh.Kh.","Apazhev, Aslan K. (57195587959); Fiapshev, Amur G. (57216563705); Shekikhachev, Iu A. (57216563346); Khazhmetov, Luan M. (57205025701); Khazhmetova, Alina L. (57216563463); Ashabokov, Kh Kh (57216561216)","57195587959; 57216563705; 57216563346; 57205025701; 57216563463; 57216561216","Energy efficiency of improvement of agriculture optimization technology and machine complex optimization","2019","E3S Web of Conferences","124","","05054","","","15","10.1051/e3sconf/201912405054","https://www.scopus.com/inward/record.uri?eid=2-s2.0-85083893062&doi=10.1051%2Fe3sconf%2F201912405054&partnerID=40&md5=19a06bd531cd3b6e3839e9bccc607de3","Conference paper","Final","All Open Access; Gold Open Access; Green Accepted Open Access; Green Open Access","Scopus","2-s2.0-85083893062"
"Safii, M.; Wahyudi, M.; Solikhun, S.; Zarlis, M.; Efendi, S.","Safii, M. (57222595203); Wahyudi, Mochamad (57144449500); Solikhun, Solikhun (57211272339); Zarlis, M. (46662076100); Efendi, Syahril (57193792516)","57222595203; 57144449500; 57211272339; 46662076100; 57193792516","Food Self-sufficiency Decision Support Model Based on Provinces in Indonesia Using the Clustering Method","2019","Journal of Physics: Conference Series","1255","1","012068","","","0","10.1088/1742-6596/1255/1/012068","https://www.scopus.com/inward/record.uri?eid=2-s2.0-85073255186&doi=10.1088%2F1742-6596%2F1255%2F1%2F012068&partnerID=40&md5=59abce2c062fea9261a2c3046ba6d31c","Conference paper","Final","All Open Access; Gold Open Access","Scopus","2-s2.0-85073255186"
"Phimmavong, S.; Maraseni, T.N.; Keenan, R.J.; Cockfield, G.","Phimmavong, Somvang (35797496000); Maraseni, Tek Narayan (15126996400); Keenan, Rodney J. (7103090287); Cockfield, Geoff J. (6504435747)","35797496000; 15126996400; 7103090287; 6504435747","Financial returns from collaborative investment models of Eucalyptus agroforestry plantations in Lao PDR","2019","Land Use Policy","87","","104060","","","41","10.1016/j.landusepol.2019.104060","https://www.scopus.com/inward/record.uri?eid=2-s2.0-85067632543&doi=10.1016%2Fj.landusepol.2019.104060&partnerID=40&md5=0d7f5ca132c7ecda5e551e2f55efd706","Article","Final","","Scopus","2-s2.0-85067632543"
"Cho, S.B.; Lee, Y.W.","Cho, Soobin (57339384700); Lee, Yangwon (37030925300)","57339384700; 37030925300","Deep learning-based analysis of the relationships between climate change and crop yield in China","2019","International Archives of the Photogrammetry, Remote Sensing and Spatial Information Sciences - ISPRS Archives","42","3/W8","","93","95","9","10.5194/isprs-archives-XLII-3-W8-93-2019","https://www.scopus.com/inward/record.uri?eid=2-s2.0-85074258846&doi=10.5194%2Fisprs-archives-XLII-3-W8-93-2019&partnerID=40&md5=0b38c4d8a3f7d951b6429bd96c98ba34","Conference paper","Final","All Open Access; Gold Open Access; Green Accepted Open Access; Green Open Access","Scopus","2-s2.0-85074258846"
"Jelonik, M.; Zubović, J.; Zdravkovi, A.","Jelonik, Marko (14719494100); Zubović, Jovan (56658664700); Zdravkovi, Aleksandar (57208860143)","14719494100; 56658664700; 57208860143","Estimating impact of weather factors on wheat yields by using panel model approach — The case of Serbia","2019","Agricultural Water Management","221","","","493","501","8","10.1016/j.agwat.2019.05.015","https://www.scopus.com/inward/record.uri?eid=2-s2.0-85065959010&doi=10.1016%2Fj.agwat.2019.05.015&partnerID=40&md5=bab013c64a780b34b592778cff401ed5","Article","Final","","Scopus","2-s2.0-85065959010"
"Jiang, Z.; Vijayaraghavan, S.V.; Hur, J.; Sun, Y.; Liong, S.-Y.; Nguyen, V.Q.; Van Pham Dang, T.","Jiang, Ze (57211499211); Vijayaraghavan, Srivatsan V. (57208161645); Hur, Jina (55883107600); Sun, Yabin (35202019000); Liong, Shie Yui (7004569396); Nguyen, Van Qui (57203896079); Van Pham Dang, Tri (57203902210)","57211499211; 57208161645; 55883107600; 35202019000; 7004569396; 57203896079; 57203902210","Future changes in rice yields over the Mekong River Delta due to climate change—Alarming or alerting?","2019","Theoretical and Applied Climatology","137","1-2","","545","555","21","10.1007/s00704-018-2617-z","https://www.scopus.com/inward/record.uri?eid=2-s2.0-85053471452&doi=10.1007%2Fs00704-018-2617-z&partnerID=40&md5=3978cdfeecbb7abdece6466894e2c003","Article","Final","All Open Access; Hybrid Gold Open Access","Scopus","2-s2.0-85053471452"
"Svanidze, M.; Götz, L.; Djuric, I.; Glauben, T.","Svanidze, Miranda (57209138618); Götz, Linde (37066033600); Djuric, Ivan (56333891300); Glauben, Thomas (57203537824)","57209138618; 37066033600; 56333891300; 57203537824","Food security and the functioning of wheat markets in Eurasia: a comparative price transmission analysis for the countries of Central Asia and the South Caucasus","2019","Food Security","11","3","","733","752","31","10.1007/s12571-019-00933-y","https://www.scopus.com/inward/record.uri?eid=2-s2.0-85066636408&doi=10.1007%2Fs12571-019-00933-y&partnerID=40&md5=d55a707b5954e6e11fc9a70f4c5481cf","Article","Final","All Open Access; Green Accepted Open Access; Green Open Access; Hybrid Gold Open Access","Scopus","2-s2.0-85066636408"
"Weny; Safni, I.; Lisnawita; Lubis, K.","Weny (57214703478); Safni, Irda (56358137300); Lisnawita (57204888122); Lubis, Khairunnisa S. (57192164369)","57214703478; 56358137300; 57204888122; 57192164369","Screening for disease resistance in rice varieties against bacterial panicle blight disease (Burkholderia glumae) in Northern Sumatra of Indonesia","2019","IOP Conference Series: Earth and Environmental Science","260","1","012118","","","8","10.1088/1755-1315/260/1/012118","https://www.scopus.com/inward/record.uri?eid=2-s2.0-85067689949&doi=10.1088%2F1755-1315%2F260%2F1%2F012118&partnerID=40&md5=54aa1be9109ae4f21bf69942caddb4d7","Conference paper","Final","All Open Access; Gold Open Access","Scopus","2-s2.0-85067689949"
"Giulioni, G.; Di Giuseppe, E.; Toscano, P.; Miglietta, F.; Pasqui, M.","Giulioni, Gianfranco (55917508100); Di Giuseppe, Edmondo (37088138800); Toscano, Piero (57202484220); Miglietta, F. (56273398400); Pasqui, Massimiliano (6602667252)","55917508100; 37088138800; 57202484220; 56273398400; 6602667252","A novel computational model of the wheat global market with an application to the 2010 Russian Federation case","2019","JASSS","22","3","4","","","4","10.18564/jasss.4063","https://www.scopus.com/inward/record.uri?eid=2-s2.0-85071240232&doi=10.18564%2Fjasss.4063&partnerID=40&md5=4425db3345f61d590c99b8acbeb88dd8","Article","Final","All Open Access; Gold Open Access","Scopus","2-s2.0-85071240232"
"Svanidze, M.; Götz, L.","Svanidze, Miranda (57209138618); Götz, Linde (37066033600)","57209138618; 37066033600","Spatial market efficiency of grain markets in Russia: Implications of high trade costs for export potential","2019","Global Food Security","21","","","60","68","34","10.1016/j.gfs.2019.07.004","https://www.scopus.com/inward/record.uri?eid=2-s2.0-85069561590&doi=10.1016%2Fj.gfs.2019.07.004&partnerID=40&md5=6f199a821deae324a4afb446024c9f38","Article","Final","All Open Access; Green Accepted Open Access; Green Open Access; Hybrid Gold Open Access","Scopus","2-s2.0-85069561590"
"Gumma, M.K.; Tsusaka, T.W.; Mohammed, I.; Chavula, G.; Ganga Rao, N.V.P.R.; Okori, P.; Ojiewo, C.O.; Varshney, R.; Siambi, M.; Whitbread, A.","Gumma, Murali Krishna (15020631200); Tsusaka, Takuji W. (56659390600); Mohammed, Irshad A. (55981957400); Chavula, Geoffrey M.S. (6506007213); Ganga Rao, Nadigatla Veera Prabha Rama (6507100054); Okori, Patrick (6507622929); Ojiewo, C. O. (9634758500); Varshney, Rajeev Kumar (7006648166); Siambi, Moses (35184097300); Whitbread, Anthony Michael (6602451418)","15020631200; 56659390600; 55981957400; 6506007213; 6507100054; 6507622929; 9634758500; 7006648166; 35184097300; 6602451418","Monitoring changes in the cultivation of pigeonpea and groundnut in Malawi using time series satellite imagery for sustainable food systems","2019","Remote Sensing","11","12","1475","","","20","10.3390/rs11121475","https://www.scopus.com/inward/record.uri?eid=2-s2.0-85068175078&doi=10.3390%2Frs11121475&partnerID=40&md5=24face54dd462b5e90d83a114cefa11b","Article","Final","All Open Access; Gold Open Access; Green Accepted Open Access; Green Open Access","Scopus","2-s2.0-85068175078"
"Tawk, S.T.; Chedid, M.; Chalak, A.; Karam, S.; Hamadeh, S.K.","Tawk, Salwa Tohmé (57192124833); Chedid, Mabelle (36992898200); Chalak, Ali (24504470400); Karam, Sarah S. (57198781066); Hamadeh, Shadi K. (6701431287)","57192124833; 36992898200; 24504470400; 57198781066; 6701431287","Challenges and sustainability of wheat production in a Levantine breadbasket: The case of the West Bekaa, Lebanon","2019","Journal of Agriculture, Food Systems, and Community Development","8","4","","193","209","9","10.5304/jafscd.2019.084.011","https://www.scopus.com/inward/record.uri?eid=2-s2.0-85101915860&doi=10.5304%2Fjafscd.2019.084.011&partnerID=40&md5=eea59ca2b264c87b33685721e37c5476","Article","Final","All Open Access; Gold Open Access; Green Accepted Open Access; Green Open Access","Scopus","2-s2.0-85101915860"
"Uzun, V.; Shagaida, N.; Lerman, Z.","Uzun, Vasiliy (57194146325); Shagaida, Natalya I. (14623320800); Lerman, Zvi (6603738305)","57194146325; 14623320800; 6603738305","Russian agriculture: Growth and institutional challenges","2019","Land Use Policy","83","","","475","487","101","10.1016/j.landusepol.2019.02.018","https://www.scopus.com/inward/record.uri?eid=2-s2.0-85062093806&doi=10.1016%2Fj.landusepol.2019.02.018&partnerID=40&md5=f6bcd6f8aaccbc93341d8f38612d4356","Article","Final","","Scopus","2-s2.0-85062093806"
"Masud, M.B.; Wada, Y.; Goss, G.; Faramarzi, M.","Masud, Mohammad Badrul (56490242600); Wada, Yoshihide (57195195518); Goss, Greg Gerard (7007032058); Faramarzi, Monireh (26321020600)","56490242600; 57195195518; 7007032058; 26321020600","Global implications of regional grain production through virtual water trade","2019","Science of the Total Environment","659","","","807","820","42","10.1016/j.scitotenv.2018.12.392","https://www.scopus.com/inward/record.uri?eid=2-s2.0-85059457295&doi=10.1016%2Fj.scitotenv.2018.12.392&partnerID=40&md5=ab1c2a4c2ce6d0d5cc4619f83f33eaa5","Article","Final","All Open Access; Green Accepted Open Access; Green Open Access","Scopus","2-s2.0-85059457295"
"Elias, E.; Okoth, P.F.; Smaling, E.","Elias, Eyasu (7201964950); Okoth, Peter F. (57219020305); Smaling, Eric Marc Alexander (6603631889)","7201964950; 57219020305; 6603631889","Explaining bread wheat (Triticum aestivum) yield differences by soil properties and fertilizer rates in the highlands of Ethiopia","2019","Geoderma","339","","","126","133","52","10.1016/j.geoderma.2018.12.020","https://www.scopus.com/inward/record.uri?eid=2-s2.0-85059349598&doi=10.1016%2Fj.geoderma.2018.12.020&partnerID=40&md5=37196f5a3fc257e74685ac0b0a948646","Article","Final","","Scopus","2-s2.0-85059349598"
"Braha, K.; Rajcaniova, M.; Qineti, A.; Pokrivčák, J.; Lazorčáková, E.","Braha, Kushtrim (56976289700); Rajcaniova, Miroslava (56049823200); Qineti, Artan (6508159545); Pokrivčák, Ján (9043336800); Lazorčáková, Ema (57194620428)","56976289700; 56049823200; 6508159545; 9043336800; 57194620428","Evidence of spatial price transmission in the case of Kosovo","2019","Agris On-line Papers in Economics and Informatics","11","1","","3","15","5","10.7160/aol.2019.110101","https://www.scopus.com/inward/record.uri?eid=2-s2.0-85063726848&doi=10.7160%2Faol.2019.110101&partnerID=40&md5=574b361b5f916c6b710c24a7edcab69d","Article","Final","All Open Access; Gold Open Access","Scopus","2-s2.0-85063726848"
"Kakar, K.; Xuan, T.D.; Haqani, M.I.; Rayee, R.; Wafa, I.K.; Abdiani, S.; Tran, H.-D.","Kakar, Kifayatullah (57208034396); Xuan, T. D. (7003473828); Haqani, Mohammad Ismael (57222045571); Rayee, Ramin (57205124645); Wafa, Imran Khan (57208025084); Abdiani, Saidajan Attiq (35361548500); Tran, Hoang Dung (57202392125)","57208034396; 7003473828; 57222045571; 57205124645; 57208025084; 35361548500; 57202392125","Current situation and sustainable development of rice cultivation and production in Afghanistan","2019","Agriculture (Switzerland)","9","3","49","","","35","10.3390/agriculture9030049","https://www.scopus.com/inward/record.uri?eid=2-s2.0-85063644006&doi=10.3390%2Fagriculture9030049&partnerID=40&md5=7957aff1b0a4bf48b40394bb402d72af","Article","Final","All Open Access; Gold Open Access; Green Accepted Open Access; Green Open Access","Scopus","2-s2.0-85063644006"
"Ma, L.; Bai, Z.; Ma, W.; Guo, M.; Jiang, R.; Liu, J.; Oenema, O.; Velthof, G.L.; Whitmore, A.P.; Crawford, J.; Dobermann, A.; Schwoob, M.; Zhang, F.","Ma, Lin (57204316577); Bai, Zhaohai (57204314358); Ma, Wenqi (8213225300); Guo, Mengchu (57196730734); Jiang, Rongfeng (7202306909); Liu, Junguo (57200122300); Oenema, Oene (7004060706); Velthof, Gerard L. (6701705245); Whitmore, Andrew Peter (7004148159); Crawford, John W. (7401850168); Dobermann, Achim R. (57220371326); Schwoob, Marie Hélène (56535414900); Zhang, Fusuo (7404969066)","57204316577; 57204314358; 8213225300; 57196730734; 7202306909; 57200122300; 7004060706; 6701705245; 7004148159; 7401850168; 57220371326; 56535414900; 7404969066","Exploring Future Food Provision Scenarios for China","2019","Environmental Science and Technology","53","3","","1385","1393","94","10.1021/acs.est.8b04375","https://www.scopus.com/inward/record.uri?eid=2-s2.0-85060512543&doi=10.1021%2Facs.est.8b04375&partnerID=40&md5=bded791126c85dd7508c9680d0e2a773","Article","Final","All Open Access; Green Accepted Open Access; Green Open Access","Scopus","2-s2.0-85060512543"
"Abdul Mottaleb, K.A.; Loladze, A.; Sonder, K.; Kruseman, G.; San-Vicente-García, F.","Abdul Mottaleb, Khondoker Abdul (53664229100); Loladze, Alexander (55859761000); Sonder, Kai (26531705200); Kruseman, Gideon (57200546771); San-Vicente-García, Félix (6506718119)","53664229100; 55859761000; 26531705200; 57200546771; 6506718119","Threats of Tar Spot Complex disease of maize in the United States of America and its global consequences","2019","Mitigation and Adaptation Strategies for Global Change","24","2","","281","300","35","10.1007/s11027-018-9812-1","https://www.scopus.com/inward/record.uri?eid=2-s2.0-85046444290&doi=10.1007%2Fs11027-018-9812-1&partnerID=40&md5=13261704e9313af7c463ca9f5ac182a8","Article","Final","All Open Access; Hybrid Gold Open Access","Scopus","2-s2.0-85046444290"
"Lee, S.-H.; Mohtar, R.H.; Yoo, S.-H.","Lee, Sanghyun (56603384700); Mohtar, Rabi H. (7003796680); Yoo, Seung-hwan (16680241000)","56603384700; 7003796680; 16680241000","Assessment of food trade impacts on water, food, and land security in the MENA region","2019","Hydrology and Earth System Sciences","23","1","","557","572","41","10.5194/hess-23-557-2019","https://www.scopus.com/inward/record.uri?eid=2-s2.0-85060908108&doi=10.5194%2Fhess-23-557-2019&partnerID=40&md5=a1fddc46906a2446aaa987d211c539be","Article","Final","All Open Access; Gold Open Access; Green Accepted Open Access; Green Open Access","Scopus","2-s2.0-85060908108"
"Ito, S.; Qian, J.; Hassanzoy, N.","Ito, Shoichi (57589813300); Qian, Jiarong (55886522500); Hassanzoy, Najibullah (57190025046)","57589813300; 55886522500; 57190025046","Economic Impacts of Agricultural Development on the Donors – A Case Study on the Cerrado Agricultural Development Project in Brazil with JIRCAS, Japan –","2019","Journal of the Faculty of Agriculture, Kyushu University","64","2","","367","378","0","10.5109/2339028","https://www.scopus.com/inward/record.uri?eid=2-s2.0-85132665273&doi=10.5109%2F2339028&partnerID=40&md5=fe479bc98c630f2ee6e8d92dad2d8e70","Article","Final","All Open Access; Gold Open Access; Green Accepted Open Access; Green Open Access","Scopus","2-s2.0-85132665273"
"Gavin, R.; Haji, H.; Porter, P.","Gavin, R. (59600759500); Haji, H. (57355956500); Porter, Paul M. (7103276976)","59600759500; 57355956500; 7103276976","The Relative Contributions Of Cereal Production, Imports, And Aid To Somali Food Security","2019","African Journal of Food, Agriculture, Nutrition and Development","19","3","","14587","14601","5","10.18697/ajfand.86.18025","https://www.scopus.com/inward/record.uri?eid=2-s2.0-85092514523&doi=10.18697%2Fajfand.86.18025&partnerID=40&md5=f4e1a996e7b5841f61e65829ea9e4d18","Article","Final","All Open Access; Gold Open Access","Scopus","2-s2.0-85092514523"
"Dellal, I.; Unuvar, F.I.","Dellal, İlkay (6506761131); Unuvar, Fatma Ilknur (57217684739)","6506761131; 57217684739","Effect of climate change on food supply of Turkey","2019","Journal of Environmental Protection and Ecology","20","2","","692","700","10","","https://www.scopus.com/inward/record.uri?eid=2-s2.0-85082117456&partnerID=40&md5=a167431a296f22c99999b647f048ec11","Article","Final","","Scopus","2-s2.0-85082117456"
"Sagatgareev, R.M.; Mazhara, E.N.; Fomina, E.A.; Zykov, O.A.; Chernov, A.N.","Sagatgareev, Rafik M. (57211467756); Mazhara, Evgenii N. (57211467337); Fomina, Elena A. (57208011113); Zykov, Oleg A. (57211473671); Chernov, Andrei N. (57211470173)","57211467756; 57211467337; 57208011113; 57211473671; 57211470173","Production capacities of russian agricultural organizations: Assessment and forecast","2019","Journal of Environmental Treatment Techniques","7","3","","522","530","3","","https://www.scopus.com/inward/record.uri?eid=2-s2.0-85074107990&partnerID=40&md5=3183e203f71ef55e3b405f9335b7c981","Article","Final","","Scopus","2-s2.0-85074107990"
"Caillouet, O.C.; Nalley, L.L.; Farmer, A.L.","Caillouet, O. C. (57210917098); Nalley, Lanier Lanier (55837353600); Farmer, Amy Lynn (7102158808)","57210917098; 55837353600; 7102158808","Increasing economic resilience through mixed farming with maize and poultry in Northern Mozambique","2019","Acta Horticulturae","1246","","","93","102","1","10.17660/ActaHortic.2019.1246.13","https://www.scopus.com/inward/record.uri?eid=2-s2.0-85071873408&doi=10.17660%2FActaHortic.2019.1246.13&partnerID=40&md5=b6f184f5bbaedd084cfb1286c3940c31","Article","Final","","Scopus","2-s2.0-85071873408"
"Liu, J.; Elliott, J.A.; Wilson, H.F.; Baulch, H.M.","Liu, Jian (57963091600); Elliott, Jane A. (7402852262); Wilson, Henry F. (18435580900); Baulch, Helen Margaret (8859139600)","57963091600; 7402852262; 18435580900; 8859139600","Impacts of soil phosphorus drawdown on snowmelt and rainfall runoff water quality","2019","Journal of Environmental Quality","48","4","","803","812","40","10.2134/jeq2018.12.0437","https://www.scopus.com/inward/record.uri?eid=2-s2.0-85069474124&doi=10.2134%2Fjeq2018.12.0437&partnerID=40&md5=c21ddd7d7f5d5d4ef269a4e740dcbfd5","Article","Final","All Open Access; Hybrid Gold Open Access","Scopus","2-s2.0-85069474124"
"Kudryashova, I.A.; Kharlampenkov, E.I.; Loginova, A.V.","Kudryashova, Irina A. (57193134045); Kharlampenkov, Evgeniy I. (57197713328); Loginova, Anastasiya (57218269390)","57193134045; 57197713328; 57218269390","The Role of Kuzbass in Ensuring Food Security","2019","Smart Innovation, Systems and Technologies","139","","","265","272","0","10.1007/978-3-030-18553-4_34","https://www.scopus.com/inward/record.uri?eid=2-s2.0-85066900515&doi=10.1007%2F978-3-030-18553-4_34&partnerID=40&md5=b76a6f7966dcd6f1f56cabdc82a01c23","Conference paper","Final","","Scopus","2-s2.0-85066900515"
"Sall, A.T.; Chiari, T.; Legesse, W.; Seid-Ahmed, K.; Ortiz, R.; Van-Ginkel, M.; Bassi, F.M.","Sall, Amadou Tidiane (57214402245); Chiari, Tiberio (6507451084); Legesse, Wasihun (57073747400); Seid-Ahmed, Kemal (56897214400); Ortiz, Rodomiro Octavio (7102061400); Van-Ginkel, Maarten (7004421460); Bassi, Filippo M. (55061646500)","57214402245; 6507451084; 57073747400; 56897214400; 7102061400; 7004421460; 55061646500","Durum wheat (Triticum durum Desf.): Origin, cultivation and potential expansion in sub-saharan Africa","2019","Agronomy","9","5","9050263","","","114","10.3390/agronomy9050263","https://www.scopus.com/inward/record.uri?eid=2-s2.0-85066432195&doi=10.3390%2Fagronomy9050263&partnerID=40&md5=bf95a9223b895b18c4a58f0d101fde7d","Article","Final","All Open Access; Gold Open Access; Green Accepted Open Access; Green Open Access","Scopus","2-s2.0-85066432195"
"Yen, B.T.; Son, N.H.; Tung, L.T.; Amjath-Babu, T.S.; Sebastián, L.","Yen, Bui Tan (55965429400); Son, Nguyenhong (57208389723); Tung, Lethanh (57208400865); Amjath-Babu, T. S. (24465033200); Sebastián, Leocadio S. (7004223357)","55965429400; 57208389723; 57208400865; 24465033200; 7004223357","Development of a participatory approach for mapping climate risks and adaptive interventions (CS-MAP) in Vietnam's Mekong River Delta","2019","Climate Risk Management","24","","","59","70","26","10.1016/j.crm.2019.04.004","https://www.scopus.com/inward/record.uri?eid=2-s2.0-85064712586&doi=10.1016%2Fj.crm.2019.04.004&partnerID=40&md5=4d9a053f782a97de8c82340c77bff815","Article","Final","All Open Access; Gold Open Access; Green Accepted Open Access; Green Open Access","Scopus","2-s2.0-85064712586"
"Gasim, O.A.; al-Hani, A.S.","Gasim, O. A. (57207687475); al-Hani, A. S. (57201431283)","57207687475; 57201431283","An econnomical study of some indicaters of food security in Iraq during the perid (1990-2015)/ wheat as case study","2019","Iraqi Journal of Agricultural Sciences","50","1","","456","464","5","","https://www.scopus.com/inward/record.uri?eid=2-s2.0-85062723734&partnerID=40&md5=c4164d84624d7872e238fca3955bcbe0","Article","Final","","Scopus","2-s2.0-85062723734"
"Clauss, K.; Ottinger, M.; Leinenkugel, P.; Kuenzer, C.","Clauss, Kersten (56974138400); Ottinger, Marco (55821701700); Leinenkugel, Patrick (43461281700); Kuenzer, Claudia (55927784300)","56974138400; 55821701700; 43461281700; 55927784300","Estimating rice production in the Mekong Delta, Vietnam, utilizing time series of Sentinel-1 SAR data","2018","International Journal of Applied Earth Observation and Geoinformation","73","","","574","585","133","10.1016/j.jag.2018.07.022","https://www.scopus.com/inward/record.uri?eid=2-s2.0-85062512810&doi=10.1016%2Fj.jag.2018.07.022&partnerID=40&md5=ea6f167b266ec8a0d42561bf37ebc719","Article","Final","All Open Access; Green Accepted Open Access; Green Open Access","Scopus","2-s2.0-85062512810"
"Chouchane, H.; Krol, M.S.; Hoekstra, A.Y.","Chouchane, Hatem (56472729000); Krol, Maarten S. (16162365000); Hoekstra, Arjen Y. (7007050344)","56472729000; 16162365000; 7007050344","Expected increase in staple crop imports in water-scarce countries in 2050","2018","Water Research X","1","","100001","","","28","10.1016/j.wroa.2018.09.001","https://www.scopus.com/inward/record.uri?eid=2-s2.0-85061031448&doi=10.1016%2Fj.wroa.2018.09.001&partnerID=40&md5=5afb35e90c6c0dc88775026ceff91b8d","Article","Final","All Open Access; Gold Open Access; Green Accepted Open Access; Green Open Access","Scopus","2-s2.0-85061031448"
"Vasylieva, N.","Vasylieva, Natalia (7103081024)","7103081024","Ukrainian agricultural contribution to the world food security: Economic problems and prospects","2018","Montenegrin Journal of Economics","14","4","","215","224","27","10.14254/1800-5845/2018.14-4.15","https://www.scopus.com/inward/record.uri?eid=2-s2.0-85058444937&doi=10.14254%2F1800-5845%2F2018.14-4.15&partnerID=40&md5=a0655f52509991db40382735e20dcfb9","Article","Final","All Open Access; Gold Open Access","Scopus","2-s2.0-85058444937"
"Bandumula, N.","Bandumula, Nirmala (54983546300)","54983546300","Rice Production in Asia: Key to Global Food Security","2018","Proceedings of the National Academy of Sciences India Section B - Biological Sciences","88","4","","1323","1328","336","10.1007/s40011-017-0867-7","https://www.scopus.com/inward/record.uri?eid=2-s2.0-85055938669&doi=10.1007%2Fs40011-017-0867-7&partnerID=40&md5=b84acbad39af530702c346f97e8bb1e2","Article","Final","","Scopus","2-s2.0-85055938669"
"Nguyen, V.K.; Dumaresq, D.; Pittock, J.","Nguyen, Van Kien (57074389500); Dumaresq, David (6506456914); Pittock, Jamie Pittockjamie (35293344900)","57074389500; 6506456914; 35293344900","Impacts of rice intensification on rural households in the Mekong Delta: emerging relationships between agricultural production, wild food supply and food consumption","2018","Food Security","10","6","","1615","1629","31","10.1007/s12571-018-0848-6","https://www.scopus.com/inward/record.uri?eid=2-s2.0-85055877031&doi=10.1007%2Fs12571-018-0848-6&partnerID=40&md5=706d4f66bc81af93c9416e479e937a5e","Article","Final","","Scopus","2-s2.0-85055877031"
"Abokyi, E.; Folmer, H.; Asiedu, K.F.","Abokyi, Emmanuel (57204030170); Folmer, Henk (7003340413); Asiedu, Kofi Fred (57213294972)","57204030170; 7003340413; 57213294972","Public buffer stocks as agricultural output price stabilization policy in Ghana","2018","Agriculture and Food Security","7","1","69","","","21","10.1186/s40066-018-0221-1","https://www.scopus.com/inward/record.uri?eid=2-s2.0-85054145958&doi=10.1186%2Fs40066-018-0221-1&partnerID=40&md5=7eb5f282abf2c8cddae3d77e5b55392b","Article","Final","All Open Access; Gold Open Access; Green Accepted Open Access; Green Final Open Access; Green Open Access","Scopus","2-s2.0-85054145958"
"Kumar, P.; Ahlawat, S.; Chauhan, R.; kumar, A.; Singh, R.; Bhankhar, A.","Kumar, Pankaj (59443374400); Ahlawat, Sushil (57197958013); Chauhan, Reena S. (59102401600); kumar, Anil V.S. (57740769800); Singh, Ram Kant (57225989151); Bhankhar, Anil Kumar (58312961400)","59443374400; 57197958013; 59102401600; 57740769800; 57225989151; 58312961400","In vitro and field efficacy of fungicides against sheath blight of rice and post-harvest fungicide residue in soil, husk, and brown rice using gas chromatography-tandem mass spectrometry","2018","Environmental Monitoring and Assessment","190","9","503","","","25","10.1007/s10661-018-6897-7","https://www.scopus.com/inward/record.uri?eid=2-s2.0-85051243573&doi=10.1007%2Fs10661-018-6897-7&partnerID=40&md5=167b31113e4ab5006d681e6b91166f40","Article","Final","","Scopus","2-s2.0-85051243573"
"Distefano, T.; Laio, F.; Ridolfi, L.; Schiavo, S.","Distefano, Tiziano (57194639965); Laio, Francesco (55397181600); Ridolfi, Luca F.G.G.M. (35582655500); Schiavo, Stefano (23100915500)","57194639965; 55397181600; 35582655500; 23100915500","Shock transmission in the international food trade network","2018","PLoS ONE","13","8","e0200639","","","54","10.1371/journal.pone.0200639","https://www.scopus.com/inward/record.uri?eid=2-s2.0-85051427417&doi=10.1371%2Fjournal.pone.0200639&partnerID=40&md5=8f21d9e651dc80871c3dc7f848bbc72e","Article","Final","All Open Access; Gold Open Access; Green Accepted Open Access; Green Open Access","Scopus","2-s2.0-85051427417"
"Soullier, G.; Moustier, P.","Soullier, Guillaume (57203261089); Moustier, Paule (6507878535)","57203261089; 6507878535","Impacts of contract farming in domestic grain chains on farmer income and food insecurity. Contrasted evidence from Senegal","2018","Food Policy","79","","","179","198","82","10.1016/j.foodpol.2018.07.004","https://www.scopus.com/inward/record.uri?eid=2-s2.0-85051054542&doi=10.1016%2Fj.foodpol.2018.07.004&partnerID=40&md5=521eced5374e1628b8bd00fdc07a9dcd","Article","Final","","Scopus","2-s2.0-85051054542"
"Aragie, E.; Pauw, K.; Pernechele, V.","Aragie, Emerta A. (57201390297); Pauw, Karl (36728153000); Pernechele, Valentina (57201391714)","57201390297; 36728153000; 57201391714","Achieving food security and industrial development in Malawi: Are export restrictions the solution?","2018","World Development","108","","","1","15","28","10.1016/j.worlddev.2018.03.020","https://www.scopus.com/inward/record.uri?eid=2-s2.0-85044608451&doi=10.1016%2Fj.worlddev.2018.03.020&partnerID=40&md5=581dccc275ecd3e7869a640a6d60a4f7","Article","Final","All Open Access; Green Accepted Open Access; Green Open Access; Hybrid Gold Open Access","Scopus","2-s2.0-85044608451"
"Smith, L.G.; Jones, P.J.; Kirk, G.J.D.; Pearce, B.D.; Williams, A.G.","Smith, Laurence G. (55748308600); Jones, Philip J. (57210968330); Kirk, Guy J.D. (7005689177); Pearce, Bruce D. (55447230400); Williams, Adrian G. (15821468200)","55748308600; 57210968330; 7005689177; 55447230400; 15821468200","Modelling the production impacts of a widespread conversion to organic agriculture in England and Wales","2018","Land Use Policy","76","","","391","404","40","10.1016/j.landusepol.2018.02.035","https://www.scopus.com/inward/record.uri?eid=2-s2.0-85047326455&doi=10.1016%2Fj.landusepol.2018.02.035&partnerID=40&md5=c8c33cf72565bd79e2a3b02f9d62648d","Article","Final","All Open Access; Green Accepted Open Access; Green Open Access; Hybrid Gold Open Access","Scopus","2-s2.0-85047326455"
"Lu, X.; Ke, S.; Cheng, T.; Chen, T.","Lu, Xinhai (25931020000); Ke, Shangan (57196236212); Cheng, Tao (35200522100); Chen, Ting (57202095125)","25931020000; 57196236212; 35200522100; 57202095125","The impacts of large-scale OFI on grains import: Empirical research with double difference method","2018","Land Use Policy","76","","","352","358","12","10.1016/j.landusepol.2018.05.023","https://www.scopus.com/inward/record.uri?eid=2-s2.0-85047166017&doi=10.1016%2Fj.landusepol.2018.05.023&partnerID=40&md5=6c5d71147c67d2ccde9897121e5c5c53","Article","Final","","Scopus","2-s2.0-85047166017"
"Tigchelaar, M.; Battisti, D.S.; Naylor, R.L.; Ray, D.K.","Tigchelaar, Michelle (55284682500); Battisti, David S. (7003971889); Naylor, Rosamond Lee (7102988281); Ray, Deepak K. (7202181543)","55284682500; 7003971889; 7102988281; 7202181543","Future warming increases probability of globally synchronized maize production shocks","2018","Proceedings of the National Academy of Sciences of the United States of America","115","26","","6644","6649","395","10.1073/pnas.1718031115","https://www.scopus.com/inward/record.uri?eid=2-s2.0-85049046224&doi=10.1073%2Fpnas.1718031115&partnerID=40&md5=e70003fb2f213e45b11ce02436974de9","Article","Final","All Open Access; Bronze Open Access","Scopus","2-s2.0-85049046224"
"Alwang, J.; Sabry, S.; Shideed, K.; Swelam, A.; Halila, H.","Alwang, Jeffrey R. (6701765380); Sabry, Samy (59851251200); Shideed, Kamil H. (36145534400); Swelam, Atef (55275112100); Halila, Habib (57201973908)","6701765380; 59851251200; 36145534400; 55275112100; 57201973908","Economic and food security benefits associated with raised-bed wheat production in Egypt","2018","Food Security","10","3","","589","601","25","10.1007/s12571-018-0794-3","https://www.scopus.com/inward/record.uri?eid=2-s2.0-85046652512&doi=10.1007%2Fs12571-018-0794-3&partnerID=40&md5=c9f697007df551262af48c8bb6024795","Article","Final","All Open Access; Hybrid Gold Open Access","Scopus","2-s2.0-85046652512"
"Ren, D.; Yang, Y.; Yang, Y.; Richards, K.; Zhou, X.","Ren, Dandan (56342594600); Yang, Yonghui (35270436100); Yang, Yanmin (36465840700); Richards, Keith S. (35580526300); Zhou, Xinyao (34869016600)","56342594600; 35270436100; 36465840700; 35580526300; 34869016600","Land-Water-Food Nexus and indications of crop adjustment for water shortage solution","2018","Science of the Total Environment","626","","","11","21","95","10.1016/j.scitotenv.2018.01.071","https://www.scopus.com/inward/record.uri?eid=2-s2.0-85040311775&doi=10.1016%2Fj.scitotenv.2018.01.071&partnerID=40&md5=674a4ee2025d3c6b0b1c7d77eca08c6c","Article","Final","","Scopus","2-s2.0-85040311775"
"Timsina, J.; Wolf, J.; Guilpart, N.; Van Bussel, L.G.J.; Grassini, P.; van Wart, J.; Hossain, A.; Rashid, H.; Islam, S.; van Ittersum, M.K.","Timsina, Jagadish (8766956200); Wolf, J. (60081956200); Guilpart, Nicolas (55037430700); Van Bussel, Lenny G.J. (36022156800); Grassini, Patricio (15839466900); van Wart, Justin (55633320700); Hossain, Akbar (58253188700); Rashid, H. (59817962400); Islam, Saiful (57210521044); van Ittersum, Martin K. (56580453600)","8766956200; 60081956200; 55037430700; 36022156800; 15839466900; 55633320700; 58253188700; 59817962400; 57210521044; 56580453600","Can Bangladesh produce enough cereals to meet future demand?","2018","Agricultural Systems","163","","","36","44","125","10.1016/j.agsy.2016.11.003","https://www.scopus.com/inward/record.uri?eid=2-s2.0-85006721148&doi=10.1016%2Fj.agsy.2016.11.003&partnerID=40&md5=c4e52562d34e257da60d26f4f97249a1","Article","Final","All Open Access; Green Accepted Open Access; Green Open Access; Hybrid Gold Open Access","Scopus","2-s2.0-85006721148"
"Sun, J.; Mooney, H.; Wu, W.; Tang, H.; Tong, Y.; Xu, Z.; Huang, B.; Cheng, Y.; Yang, X.; Wei, D.; Zhang, F.; Liu, J.","Sun, Jing (55555282300); Mooney, Harold A. (7006677714); Wu, Wengbin (55707483300); Tang, Huajun (23029494800); Tong, Yuxin (57202127658); Xu, Zhenci (56815847700); Huang, Baorong (7403682229); Cheng, Yeqing (55487705000); Yang, Xinjun (8517810100); Wei, Dan (55647193300); Zhang, Fusuo (7404969066); Liu, Jianguo (35491043300)","55555282300; 7006677714; 55707483300; 23029494800; 57202127658; 56815847700; 7403682229; 55487705000; 8517810100; 55647193300; 7404969066; 35491043300","Importing food damages domestic environment: Evidence from global soybean trade","2018","Proceedings of the National Academy of Sciences of the United States of America","115","21","","5415","5419","183","10.1073/pnas.1718153115","https://www.scopus.com/inward/record.uri?eid=2-s2.0-85047294337&doi=10.1073%2Fpnas.1718153115&partnerID=40&md5=5196279523b4a6c8064550e24cabfed8","Article","Final","All Open Access; Bronze Open Access; Green Final Open Access; Green Open Access","Scopus","2-s2.0-85047294337"
"Rahman, S.; Chima, C.D.","Rahman, Sanzidur (7402514511); Chima, Chidiebere Daniel (57191487448)","7402514511; 57191487448","Food energy availability from agriculture at the farm-level in southeastern Nigeria: Level, composition and determinants","2018","Agriculture (Switzerland)","8","5","69","","","3","10.3390/agriculture8050069","https://www.scopus.com/inward/record.uri?eid=2-s2.0-85048291415&doi=10.3390%2Fagriculture8050069&partnerID=40&md5=5a7d7dc6bebf9a7072b2b3b205b36ddd","Article","Final","All Open Access; Gold Open Access; Green Accepted Open Access; Green Open Access","Scopus","2-s2.0-85048291415"
"Méthot, J.; Bennett, E.M.","Méthot, Josée (55909242600); Bennett, Elena M. (7201460901)","55909242600; 7201460901","Reconsidering non-traditional export agriculture and household food security: A case study in rural Guatemala","2018","PLoS ONE","13","5","e0198113","","","19","10.1371/journal.pone.0198113","https://www.scopus.com/inward/record.uri?eid=2-s2.0-85047490214&doi=10.1371%2Fjournal.pone.0198113&partnerID=40&md5=157484d886c04e94756e5afbbe7e0bea","Article","Final","All Open Access; Gold Open Access; Green Accepted Open Access; Green Open Access","Scopus","2-s2.0-85047490214"
"Abdul Mottaleb, K.A.; Singh, P.K.; Sonder, K.; Kruseman, G.; Tiwari, T.P.; Barma, N.C.D.; Malaker, P.K.; Braun, H.-J.; Erenstein, O.","Abdul Mottaleb, Khondoker Abdul (53664229100); Singh, Pawan Kumar (56760507500); Sonder, Kai (26531705200); Kruseman, Gideon (57200546771); Tiwari, Thakur Prasad (7004551693); Barma, Naresh Chandra Deb (53979378200); Malaker, Paritosh Kumar (6504799672); Braun, Hans Joachim (24542747900); Erenstein, Olaf (14022746600)","53664229100; 56760507500; 26531705200; 57200546771; 7004551693; 53979378200; 6504799672; 24542747900; 14022746600","Threat of wheat blast to South Asia’s food security: An ex-ante analysis","2018","PLoS ONE","13","5","e0197555","","","73","10.1371/journal.pone.0197555","https://www.scopus.com/inward/record.uri?eid=2-s2.0-85047433252&doi=10.1371%2Fjournal.pone.0197555&partnerID=40&md5=ca56b6a69c4ce2dd8744b7f295e12b1f","Article","Final","All Open Access; Gold Open Access; Green Accepted Open Access; Green Open Access","Scopus","2-s2.0-85047433252"
"Inocencio, A.; Barker, R.","Inocencio, Arlene B. (6507903392); Barker, Randolph (15838709100)","6507903392; 15838709100","Current challenges in agricultural water resource development and management in the Philippines","2018","DLSU Business and Economics Review","28","Special issue","","1","17","11","","https://www.scopus.com/inward/record.uri?eid=2-s2.0-85055560030&partnerID=40&md5=ef0c5233482a70c4053e8cd69b403e8c","Article","Final","","Scopus","2-s2.0-85055560030"
"Sumardiono, S.; Jos, B.; Firmansyah, D.; Hidayatunajah, R.; Pudjihastuti, I.","Sumardiono, Siswo (9638261600); Jos, Bakti (6504829936); Firmansyah, Denny (57201344462); Hidayatunajah, Rahmi (57201337994); Pudjihastuti, Isti (57189870215)","9638261600; 6504829936; 57201344462; 57201337994; 57189870215","Modification of cassava starch using lactic acid hydrolysis in the rotary-UV dryer to improve physichocemical properties","2018","MATEC Web of Conferences","156","","01018","","","16","10.1051/matecconf/201815601018","https://www.scopus.com/inward/record.uri?eid=2-s2.0-85044373352&doi=10.1051%2Fmatecconf%2F201815601018&partnerID=40&md5=80adbabfa9febc8cce70473090c9d440","Conference paper","Final","All Open Access; Gold Open Access; Green Accepted Open Access; Green Open Access","Scopus","2-s2.0-85044373352"
"Sbahi, M.; Ziboon, A.-R.; Hassoon, K.","Sbahi, Muslim Kadhim (57202306707); Ziboon, Abdul Razzak Tarish (56703500200); Hassoon, Khalid Ibrahim (57202302461)","57202306707; 56703500200; 57202302461","Sentinel-2 imageries with meteorological data utilize remote sensing and GIS for wheat crop prove production","2018","MATEC Web of Conferences","162","","03019","","","1","10.1051/matecconf/201816203019","https://www.scopus.com/inward/record.uri?eid=2-s2.0-85047817270&doi=10.1051%2Fmatecconf%2F201816203019&partnerID=40&md5=b7912e4eb2229e167a1a61e0d5bc4295","Conference paper","Final","All Open Access; Gold Open Access; Green Accepted Open Access; Green Open Access","Scopus","2-s2.0-85047817270"
"Debnath, D.; Babu, S.; Ghosh, P.; Helmar, M.","Debnath, Deepayan (56043026000); Babu, Suresh Chandra (26642893500); Ghosh, Parijat (58727234500); Helmar, Michael D. (24404768300)","56043026000; 26642893500; 58727234500; 24404768300","The impact of India's food security policy on domestic and international rice market","2018","Journal of Policy Modeling","40","2","","265","283","29","10.1016/j.jpolmod.2017.08.006","https://www.scopus.com/inward/record.uri?eid=2-s2.0-85032365504&doi=10.1016%2Fj.jpolmod.2017.08.006&partnerID=40&md5=47854bf1cb4bb61b855155d2400059f2","Article","Final","","Scopus","2-s2.0-85032365504"
"Veninga, W.; Ihle, R.","Veninga, Willeke (56610289300); Ihle, Rico (36166946500)","56610289300; 36166946500","Import vulnerability in the Middle East: effects of the Arab spring on Egyptian wheat trade","2018","Food Security","10","1","","183","194","23","10.1007/s12571-017-0755-2","https://www.scopus.com/inward/record.uri?eid=2-s2.0-85042412578&doi=10.1007%2Fs12571-017-0755-2&partnerID=40&md5=438edd3071e82b7cd91f2249882b2a98","Article","Final","All Open Access; Green Accepted Open Access; Green Open Access; Hybrid Gold Open Access","Scopus","2-s2.0-85042412578"
"Negm, M.M.","Negm, Mostafa M. (36621236300)","36621236300","Modeling and forecasting of food security for wheat in Egypt through year 2025 by using time series ARIMA models","2018","Journal of Social Sciences Research","2018","Special Issue 5","","510","518","0","10.32861/jssr.spi5.510.518","https://www.scopus.com/inward/record.uri?eid=2-s2.0-85060462098&doi=10.32861%2Fjssr.spi5.510.518&partnerID=40&md5=f1eedfae6fd3fc8e524fcb3f3678f769","Article","Final","All Open Access; Gold Open Access","Scopus","2-s2.0-85060462098"
"Vasylieva, N.; Kruse, J.R.","Vasylieva, Natalia (7103081024); Kruse, John R. (59876691700)","7103081024; 59876691700","Models on providing food security: Case of Ukraine","2018","Problems and Perspectives in Management","16","4","","344","352","2","10.21511/ppm.16(4).2018.28","https://www.scopus.com/inward/record.uri?eid=2-s2.0-85058704428&doi=10.21511%2Fppm.16%284%29.2018.28&partnerID=40&md5=2c66292df20b2751a9b3ead223f11bc5","Article","Final","All Open Access; Gold Open Access; Green Accepted Open Access; Green Open Access","Scopus","2-s2.0-85058704428"
"Rostom Ali, M.R.; Hasan, M.K.; Saha, C.K.; Alam, M.M.; Hossain, Md.M.; Kalita, P.K.; Hansen, A.C.","Rostom Ali, Md Rostom (55505430900); Hasan, Md Kamrul (59618008000); Saha, Chayan Kumer (26665670900); Alam, M. M.Mahbub (57213805377); Hossain, Md Mosharraf (57212814847); Kalita, Prasanta Kumar (7004182533); Hansen, Alan Christopher (7401928549)","55505430900; 59618008000; 26665670900; 57213805377; 57212814847; 7004182533; 7401928549","Role of mechanical rice harvesting in socio-economic development of Bangladesh","2018","ASABE 2018 Annual International Meeting","","","","","","8","10.13031/aim.201800751","https://www.scopus.com/inward/record.uri?eid=2-s2.0-85054195302&doi=10.13031%2Faim.201800751&partnerID=40&md5=0c045ccd4cb25aca89165ba773b1649e","Conference paper","Final","","Scopus","2-s2.0-85054195302"
"Lee, H.","Lee, Hyejin (57824839100)","57824839100","Teff, a rising global crop: Current status of teff production and value chain","2018","Open Agriculture Journal","12","","","185","193","66","10.2174/1874331501812010185","https://www.scopus.com/inward/record.uri?eid=2-s2.0-85054136397&doi=10.2174%2F1874331501812010185&partnerID=40&md5=fc025872ee8a03a3d1cd0a8670e76358","Review","Final","All Open Access; Gold Open Access","Scopus","2-s2.0-85054136397"
"Asseng, S.; Kheir, A.M.S.; Kassie, B.T.; Hoogenboom, G.; Abdelaal, A.I.N.; Haman, D.Z.; Ruane, A.C.","Asseng, Senthold (6603665635); Kheir, Ahmed M.S. (57197744662); Kassie, Belay Tseganeh (55937269900); Hoogenboom, Gerrit (7004536477); Abdelaal, Aly Ismail Nagib (57203843007); Haman, Dorota Z. (6701324706); Ruane, Alex C. (16313657100)","6603665635; 57197744662; 55937269900; 7004536477; 57203843007; 6701324706; 16313657100","Can Egypt become self-sufficient in wheat?","2018","Environmental Research Letters","13","9","094012","","","89","10.1088/1748-9326/aada50","https://www.scopus.com/inward/record.uri?eid=2-s2.0-85053163572&doi=10.1088%2F1748-9326%2Faada50&partnerID=40&md5=1633c8e590fbd8b49b9c65eb38e68e96","Article","Final","All Open Access; Gold Open Access; Green Accepted Open Access; Green Open Access","Scopus","2-s2.0-85053163572"
"Hassan, A.A.","Hassan, Ahlam A. (8652888300)","8652888300","Use of remote sensing to identify the economic aspects of wheat cultivation in farafra oasis, Egypt","2018","Bioscience Research","15","2","","1087","1094","0","","https://www.scopus.com/inward/record.uri?eid=2-s2.0-85050192127&partnerID=40&md5=3de2e8b18e8385ba820704e1e7c1a1f5","Article","Final","","Scopus","2-s2.0-85050192127"
"Qian, J.; Ito, S.; Mu, Y.; Zhao, Z.; Wang, X.","Qian, Jiarong (55886522500); Ito, Shoichi (56477821500); Mu, Yueying (24725313400); Zhao, Zhijun (57195237772); Wang, Xuejun (55576772000)","55886522500; 56477821500; 24725313400; 57195237772; 55576772000","The role of subsidy policies in achieving grain self-sufficiency in china: A partial equilibrium approach","2018","Agricultural Economics (Czech Republic)","64","1","","23","35","17","10.17221/167/2016-AGRICECON","https://www.scopus.com/inward/record.uri?eid=2-s2.0-85040944247&doi=10.17221%2F167%2F2016-AGRICECON&partnerID=40&md5=07ed88f9835a8dd52312ba50cb21aa07","Article","Final","All Open Access; Gold Open Access; Green Accepted Open Access; Green Open Access","Scopus","2-s2.0-85040944247"
"Leng, G.","Leng, Guoyong (55073323400)","55073323400","Recent changes in county-level corn yield variability in the United States from observations and crop models","2017","Science of the Total Environment","607-608","","","683","690","46","10.1016/j.scitotenv.2017.07.017","https://www.scopus.com/inward/record.uri?eid=2-s2.0-85022193324&doi=10.1016%2Fj.scitotenv.2017.07.017&partnerID=40&md5=8716d3eaf98811ec0b72d59bc4ba8fff","Article","Final","All Open Access; Green Accepted Open Access; Green Open Access","Scopus","2-s2.0-85022193324"
"Huang, J.-K.; Wei, W.; Cui, Q.; Xie, W.","Huang, Jikun (55544120700); Wei, Wei (57697901600); Cui, Qi (57192955587); Xie, Wei (35212707700)","55544120700; 57697901600; 57192955587; 35212707700","The prospects for China's food security and imports: Will China starve the world via imports?","2017","Journal of Integrative Agriculture","16","12","","2933","2944","164","10.1016/S2095-3119(17)61756-8","https://www.scopus.com/inward/record.uri?eid=2-s2.0-85037843731&doi=10.1016%2FS2095-3119%2817%2961756-8&partnerID=40&md5=4edf7156a7fdc87aa5b0a70c3fe683a6","Review","Final","All Open Access; Green Accepted Open Access; Green Open Access; Hybrid Gold Open Access","Scopus","2-s2.0-85037843731"
"Guilpart, N.; Grassini, P.; van Wart, J.; Yang, H.; van Ittersum, M.K.; Van Bussel, L.G.J.; Wolf, J.; Claessens, L.; Leenaars, J.G.B.; Cassman, K.G.","Guilpart, Nicolas (55037430700); Grassini, Patricio (15839466900); van Wart, Justin (55633320700); Yang, Haishun (8624356100); van Ittersum, Martin K. (56580453600); Van Bussel, Lenny G.J. (36022156800); Wolf, Joost (60081955800); Claessens, Lieven (55919932400); Leenaars, Johan G.B. (37102074200); Cassman, Kenneth G. (7003725994)","55037430700; 15839466900; 55633320700; 8624356100; 56580453600; 36022156800; 60081955800; 55919932400; 37102074200; 7003725994","Rooting for food security in Sub-Saharan Africa","2017","Environmental Research Letters","12","11","114036","","","29","10.1088/1748-9326/aa9003","https://www.scopus.com/inward/record.uri?eid=2-s2.0-85036458459&doi=10.1088%2F1748-9326%2Faa9003&partnerID=40&md5=2e8aa143cfcf2619ee3854875fe96227","Article","Final","All Open Access; Gold Open Access; Green Accepted Open Access; Green Open Access","Scopus","2-s2.0-85036458459"
"Bunting, S.W.; Kundu, N.; Ahmed, N.","Bunting, Stuart W. (7006512596); Kundu, Nitai (7006103992); Ahmed, Nesar (24331025700)","7006512596; 7006103992; 24331025700","Evaluating the contribution of diversified shrimp-rice agroecosystems in Bangladesh and West Bengal, India to social-ecological resilience","2017","Ocean and Coastal Management","148","","","63","74","32","10.1016/j.ocecoaman.2017.07.010","https://www.scopus.com/inward/record.uri?eid=2-s2.0-85025067692&doi=10.1016%2Fj.ocecoaman.2017.07.010&partnerID=40&md5=5b6545ac237402c645d589c4557035de","Review","Final","","Scopus","2-s2.0-85025067692"
"Orozco–Ramírez, Q.; Astier, M.; Barrasa, S.","Orozco–Ramírez, Quetzalcóatl (55356474500); Astier, Marta (14028101900); Barrasa, Sara (55577075600)","55356474500; 14028101900; 55577075600","Agricultural land use change after NAFTA in Central West Mexico","2017","Land","6","4","66","","","20","10.3390/land6040066","https://www.scopus.com/inward/record.uri?eid=2-s2.0-85044723492&doi=10.3390%2Fland6040066&partnerID=40&md5=42456c58d84ab88b38a7747abc6df1a1","Article","Final","All Open Access; Gold Open Access; Green Accepted Open Access; Green Open Access","Scopus","2-s2.0-85044723492"
"Villoria, N.B.; Mghenyi, E.W.","Villoria, Nelson B. (34168429700); Mghenyi, Elliot Wamboka (36167176900)","34168429700; 36167176900","The impacts of India's food security policies on South Asian wheat and rice markets","2017","World Bank Economic Review","31","3","","730","746","7","10.1093/wber/lhw002","https://www.scopus.com/inward/record.uri?eid=2-s2.0-85032015472&doi=10.1093%2Fwber%2Flhw002&partnerID=40&md5=5ab194491af1d7aad060298b891d4bb8","Article","Final","","Scopus","2-s2.0-85032015472"
"Monteiro, F.; Catarino, L.; Batista, D.; Indjai, B.; Duarte, M.C.; Romeiras, M.M.","Monteiro, Filipa A. (24437214400); Catarino, LuÃ­s F. (6602434329); Batista, Dora (6603861581); Indjai, Bucar (11940290300); Duarte, Maria Cristina (57194261820); Romeiras, Maria M. (15842082800)","24437214400; 6602434329; 6603861581; 11940290300; 57194261820; 15842082800","Cashew as a high agricultural commodity in West Africa: Insights towards sustainable production in Guinea-Bissau","2017","Sustainability (Switzerland)","9","9","1666","","","74","10.3390/su9091666","https://www.scopus.com/inward/record.uri?eid=2-s2.0-85029604293&doi=10.3390%2Fsu9091666&partnerID=40&md5=bd60412238a1ea6753a3db77aea57ed5","Article","Final","All Open Access; Gold Open Access; Green Accepted Open Access; Green Open Access","Scopus","2-s2.0-85029604293"
"Hao, N.; Pedroni, P.; Colson, G.; Wetzstein, M.","Hao, Na (56548380800); Pedroni, Peter L. (7004097814); Colson, Gregory J. (37094607400); Wetzstein, Michael E. (6701478856)","56548380800; 7004097814; 37094607400; 6701478856","The linkage between the U.S. ethanol market and developing countries’ maize prices: a panel SVAR analysis","2017","Agricultural Economics (United Kingdom)","48","5","","629","638","23","10.1111/agec.12362","https://www.scopus.com/inward/record.uri?eid=2-s2.0-85021149570&doi=10.1111%2Fagec.12362&partnerID=40&md5=33142d278e62ea61ed3d25d72e844516","Article","Final","","Scopus","2-s2.0-85021149570"
"Haggblade, S.; Me-Nsope, N.M.; Staatz, J.M.","Haggblade, Steven J. (6603234885); Me-Nsope, Nathalie M. (57195056723); Staatz, John M. (6507397733)","6603234885; 57195056723; 6507397733","Food security implications of staple food substitution in Sahelian West Africa","2017","Food Policy","71","","","27","38","35","10.1016/j.foodpol.2017.06.003","https://www.scopus.com/inward/record.uri?eid=2-s2.0-85025071924&doi=10.1016%2Fj.foodpol.2017.06.003&partnerID=40&md5=71822e4f8c8ce369d466bbd23a5c8677","Article","Final","","Scopus","2-s2.0-85025071924"
"Esquivel, B.D.; White, T.C.","Esquivel, Brooke D. (57190665972); White, Theodore C. (7402586768)","57190665972; 7402586768","Accumulation of azole drugs in the fungal plant pathogen Magnaporthe oryzae is the result of facilitated diffusion influx","2017","Frontiers in Microbiology","8","JUL","1320","","","15","10.3389/fmicb.2017.01320","https://www.scopus.com/inward/record.uri?eid=2-s2.0-85023749870&doi=10.3389%2Ffmicb.2017.01320&partnerID=40&md5=66ad08485d9f5c730a8131daa4a41794","Article","Final","All Open Access; Gold Open Access; Green Accepted Open Access; Green Open Access","Scopus","2-s2.0-85023749870"
"Ragasa, C.; Chapoto, A.","Ragasa, Catherine (36633069600); Chapoto, Antony (7801313219)","36633069600; 7801313219","Limits to Green Revolution in rice in Africa: The case of Ghana","2017","Land Use Policy","66","","","304","321","29","10.1016/j.landusepol.2017.04.052","https://www.scopus.com/inward/record.uri?eid=2-s2.0-85019420254&doi=10.1016%2Fj.landusepol.2017.04.052&partnerID=40&md5=5cd3357307b13b1da6c00a81f7475025","Article","Final","","Scopus","2-s2.0-85019420254"
"Laajimi, A.; Schroeder, K.; Meyers, W.; Binfield, J.","Laajimi, Abderraouf (43261292000); Schroeder, Kateryna G. (56818617600); Meyers, William H. (8390723200); Binfield, Julian C.R. (6507418516)","43261292000; 56818617600; 8390723200; 6507418516","The Tunisia Wheat Market in the Context of World Price Volatility: A Stochastic Partial Equilibrium Approach","2017","Journal of Food Products Marketing","23","4","","367","383","2","10.1080/10454446.2014.1000447","https://www.scopus.com/inward/record.uri?eid=2-s2.0-84961209723&doi=10.1080%2F10454446.2014.1000447&partnerID=40&md5=5de0af52ada2fc252861c55f9c830761","Article","Final","","Scopus","2-s2.0-84961209723"
"Mo, F.; Wang, J.-Y.; Zhou, H.; Luo, C.-L.; Zhang, X.-F.; Li, X.-Y.; Li, F.-M.; Xiong, L.-B.; Kavagi, L.; Nguluu, S.N.; Xiong, Y.-C.","Mo, Fei (35745045200); Wang, Jianyong (54391949800); Zhou, Hong (55681299900); Luo, Chongliang (57193026373); Zhang, Xiaofeng (54392084000); Li, Xiaoyan (35205746400); Li, Fengmin (7406054186); Xiong, Liangbing (58381451500); Kavagi, Levis (57193028514); Nguluu, Simon Nzou (6507105224); Xiong, Youcai (13907132200)","35745045200; 54391949800; 55681299900; 57193026373; 54392084000; 35205746400; 7406054186; 58381451500; 57193028514; 6507105224; 13907132200","Ridge-furrow plastic-mulching with balanced fertilization in rainfed maize (Zea mays L.): An adaptive management in east African Plateau","2017","Agricultural and Forest Meteorology","236","","","100","112","182","10.1016/j.agrformet.2017.01.014","https://www.scopus.com/inward/record.uri?eid=2-s2.0-85010223388&doi=10.1016%2Fj.agrformet.2017.01.014&partnerID=40&md5=cfdd2b379b064bb9804d3f87b3657541","Article","Final","","Scopus","2-s2.0-85010223388"
"Dorward, C.; Smukler, S.M.; Mullinix, K.","Dorward, Caitlin (57120106700); Smukler, Sean Michael (23986977300); Mullinix, Kent (23393281500)","57120106700; 23986977300; 23393281500","A novel methodology to assess land-based food self-reliance in the Southwest British Columbia bioregion","2017","Renewable Agriculture and Food Systems","32","2","","112","130","9","10.1017/S1742170516000053","https://www.scopus.com/inward/record.uri?eid=2-s2.0-84958246155&doi=10.1017%2FS1742170516000053&partnerID=40&md5=2af707962e713e79c467b96f106997c7","Article","Final","","Scopus","2-s2.0-84958246155"
"Prasetyo, S.Y.J.; Agus, Y.H.; Dewi, C.; Simanjuntak, B.H.; Hartomo, K.D.","Prasetyo, Sri Yulianto Joko (57095954500); Agus, Y. H. (57193788487); Dewi, Christine (57210169726); Simanjuntak, Bistok Hasiholan (57096020300); Hartomo, Kristoko Dwi (56543586000)","57095954500; 57193788487; 57210169726; 57096020300; 56543586000","GEODATA: Information system based on geospatial for early warning tracking and analysis agricultural plant diseases in Central Java","2017","IOP Conference Series: Materials Science and Engineering","180","1","012070","","","5","10.1088/1757-899X/180/1/012070","https://www.scopus.com/inward/record.uri?eid=2-s2.0-85016546700&doi=10.1088%2F1757-899X%2F180%2F1%2F012070&partnerID=40&md5=cc7356cdfbce26b68136d0ec1db2da9e","Conference paper","Final","All Open Access; Gold Open Access","Scopus","2-s2.0-85016546700"
"Wamukota, A.W.; McClanahan, T.R.","Wamukota, Andrew W. (25723876500); McClanahan, Tim R. (7005454038)","25723876500; 7005454038","Global Fish Trade, Prices, and Food Security in an African Coral Reef Fishery","2017","Coastal Management","45","2","","143","160","23","10.1080/08920753.2017.1278146","https://www.scopus.com/inward/record.uri?eid=2-s2.0-85012889842&doi=10.1080%2F08920753.2017.1278146&partnerID=40&md5=089c5357e4459d347ceaa8383ab8596c","Article","Final","","Scopus","2-s2.0-85012889842"
"Nishimwe, K.; Wanjuki, I.; Karangwa, C.; DARNELL, R.; Harvey, J.","Nishimwe, Kizito (56436707000); Wanjuki, Immaculate (55674374400); Karangwa, Charles (16316439300); DARNELL, R. E. (7005404593); Harvey, Jagger J.W. (25922174700)","56436707000; 55674374400; 16316439300; 7005404593; 25922174700","An initial characterization of aflatoxin B1 contamination of maize sold in the principal retail markets of Kigali, Rwanda","2017","Food Control","73","","","574","580","29","10.1016/j.foodcont.2016.09.006","https://www.scopus.com/inward/record.uri?eid=2-s2.0-84995450854&doi=10.1016%2Fj.foodcont.2016.09.006&partnerID=40&md5=a5f00c5c5d6140799d0a21bd7ffde2c0","Article","Final","","Scopus","2-s2.0-84995450854"
"Gobbett, D.L.; Hochman, Z.; Horan, H.; Navarro-Garcia, J.; Grassini, P.; Cassman, K.G.","Gobbett, David L. (36166606100); Hochman, Zvi (6603194058); Horan, Heidi L. (35733889300); Navarro-Garcia, Javier (54796840600); Grassini, Patricio (15839466900); Cassman, Kenneth G. (7003725994)","36166606100; 6603194058; 35733889300; 54796840600; 15839466900; 7003725994","Yield gap analysis of rainfed wheat demonstrates local to global relevance","2017","Journal of Agricultural Science","155","2","","282","299","44","10.1017/S0021859616000381","https://www.scopus.com/inward/record.uri?eid=2-s2.0-84983044296&doi=10.1017%2FS0021859616000381&partnerID=40&md5=952e9a65c724c69473664deda69e43ae","Article","Final","","Scopus","2-s2.0-84983044296"
"Campbell, K.; Ferreira Cavalcante, A.L.; Galvin-King, P.; Oplatowska-Stachowiak, M.; Brabet, C.; Métayer, I.; Montet, D.; Haughey, S.A.; Elliott, C.T.","Campbell, Katrina (16202006900); Ferreira Cavalcante, Ana L. (57190853900); Galvin-King, Pamela (56113538700); Oplatowska-Stachowiak, Michalina (37561732700); Brabet, Catherine (24066519800); Métayer, Isabelle (35174987400); Montet, Didier (6603359613); Haughey, Simon A. (6603193527); Elliott, Christopher T. (57217025966)","16202006900; 57190853900; 56113538700; 37561732700; 24066519800; 35174987400; 6603359613; 6603193527; 57217025966","Evaluation of an alternative spectroscopic approach for aflatoxin analysis: Comparative analysis of food and feed samples with UPLC–MS/MS","2017","Sensors and Actuators, B: Chemical","239","","","1087","1097","16","10.1016/j.snb.2016.08.115","https://www.scopus.com/inward/record.uri?eid=2-s2.0-84983560209&doi=10.1016%2Fj.snb.2016.08.115&partnerID=40&md5=4be2109d482f0493cee41b4d243483b1","Article","Final","All Open Access; Green Accepted Open Access; Green Open Access","Scopus","2-s2.0-84983560209"
"Kozicka, M.; Kalkuhl, M.; Brockhaus, J.","Kozicka, Marta (57190075704); Kalkuhl, Matthias (36646251800); Brockhaus, Jan (57190074938)","57190075704; 36646251800; 57190074938","Food Grain Policies in India and their Implications for Stocks and Fiscal Costs: A Dynamic Partial Equilibrium Analysis","2017","Journal of Agricultural Economics","68","1","","98","122","14","10.1111/1477-9552.12176","https://www.scopus.com/inward/record.uri?eid=2-s2.0-84977108949&doi=10.1111%2F1477-9552.12176&partnerID=40&md5=f8e95358415ac6fd4786b9854b2a49bc","Article","Final","","Scopus","2-s2.0-84977108949"
"Zaini, N.H.; Hasan, W.H.W.; Talib, A.N.; Ismail, S.","Zaini, Nur Hidayah (57193141287); Hasan, Wan Hasmat (57200083091); Talib, Afzan Nor (57200083711); Ismail, Shafinar (56131323900)","57193141287; 57200083091; 57200083711; 56131323900","Food insecurity: The affects of socioeconomic and food consumption","2017","International Journal of Applied Business and Economic Research","15","21","","327","332","1","","https://www.scopus.com/inward/record.uri?eid=2-s2.0-85039172298&partnerID=40&md5=22a0446cb5f8003d0b7b4dccbdda8c8b","Article","Final","","Scopus","2-s2.0-85039172298"
"Çaǧatay, S.; Taşdoğan, C.; Özeş, R.","Çaǧatay, Selim (6602931777); Taşdoğan, Celal (57196449867); Özeş, Reyhan (57196456734)","6602931777; 57196449867; 57196456734","Analysing the impact of targeted bio-ethanol blending ratio in Turkey","2017","Bio-based and Applied Economics","6","2","","209","227","4","10.13128/BAE-16395","https://www.scopus.com/inward/record.uri?eid=2-s2.0-85033403815&doi=10.13128%2FBAE-16395&partnerID=40&md5=22e5942059c15e19a4fde01263e57c52","Article","Final","","Scopus","2-s2.0-85033403815"
"Owusu, V.; Owusu-Sekyere, E.; Donkor, E.; Darkwaah, N.A.; Adomako-Boateng, D.","Owusu, Victor Boachie (36468906400); Owusu-Sekyere, Enoch (56192389000); Donkor, Emmanuel (57201092098); Darkwaah, Nana Ama (57195148207); Adomako-Boateng, Derrick (57195151121)","36468906400; 56192389000; 57201092098; 57195148207; 57195151121","Consumer perceptions and willingness to pay for cassava-wheat composite bread in Ghana: A hedonic pricing approach","2017","Journal of Agribusiness in Developing and Emerging Economies","7","2","","115","134","32","10.1108/JADEE-11-2014-0044","https://www.scopus.com/inward/record.uri?eid=2-s2.0-85025814735&doi=10.1108%2FJADEE-11-2014-0044&partnerID=40&md5=39801126274fe558225de1726aabac28","Article","Final","","Scopus","2-s2.0-85025814735"
"Enghiad, A.; Ufer, D.; Countryman, A.M.; Thilmany, D.D.","Enghiad, Aliakbar (57194971897); Ufer, Danielle J. (57194975902); Countryman, Amanda M. (57190044836); Thilmany, Dawn D. (57203446148)","57194971897; 57194975902; 57190044836; 57203446148","An Overview of Global Wheat Market Fundamentals in an Era of Climate Concerns","2017","International Journal of Agronomy","2017","","3931897","","","96","10.1155/2017/3931897","https://www.scopus.com/inward/record.uri?eid=2-s2.0-85024501968&doi=10.1155%2F2017%2F3931897&partnerID=40&md5=68d1de8b75613e4828e7e4c1b6e47b29","Article","Final","All Open Access; Gold Open Access; Green Accepted Open Access; Green Open Access","Scopus","2-s2.0-85024501968"
"Sorn, V.; Meas, P.; Pin, T.; Gummert, M.","Sorn, Vichet (57194503986); Meas, Pyseth (53868279500); Pin, Tara (37124743700); Gummert, Martin (24281229300)","57194503986; 53868279500; 37124743700; 24281229300","Effects of drying and storage management on fungi (aflatoxin B1) accumulation and rice quality in Cambodia","2017","Journal of Agriculture and Rural Development in the Tropics and Subtropics","118","1","","141","148","4","","https://www.scopus.com/inward/record.uri?eid=2-s2.0-85020445483&partnerID=40&md5=f8fe2e2098a0fb48dac1a764e5925d45","Article","Final","","Scopus","2-s2.0-85020445483"
"McGregor, A.M.; Tora, L.D.; Lebot, V.","McGregor, Andrew M. (35305362300); Tora, L. D. (56053210400); Lebot, Vincent (6601955324)","35305362300; 56053210400; 6601955324","Planting breadfruit orchards as a climate change adaptation strategy for the Pacific islands","2016","Acta Horticulturae","1128","","","55","66","6","10.17660/ActaHortic.2016.1128.8","https://www.scopus.com/inward/record.uri?eid=2-s2.0-85007089862&doi=10.17660%2FActaHortic.2016.1128.8&partnerID=40&md5=37077a176744090c305edd2f177e5c21","Conference paper","Final","","Scopus","2-s2.0-85007089862"
"Saravia-Matus, S.L.; Gomez-Y-Paloma, S.; Mary, S.","Saravia-Matus, Silvia L. (56939059000); Gomez-Y-Paloma, Sergio Y. (6507674703); Mary, Sébastien (55372379700)","56939059000; 6507674703; 55372379700","Crop-Specific EU Aid and Smallholder Food security in Sierra Leone","2016","Journal of Agriculture and Rural Development in the Tropics and Subtropics","117","2","","283","294","1","","https://www.scopus.com/inward/record.uri?eid=2-s2.0-85007137735&partnerID=40&md5=c73d041861b3286854b154a2cbdae124","Article","Final","","Scopus","2-s2.0-85007137735"
"Dalgliesh, N.P.; Charlesworth, P.; Lonh, L.; Poulton, P.L.","Dalgliesh, Neal P. (6505820157); Charlesworth, P. (57191418125); Lonh, L. (57191412000); Poulton, P. L. (7004385036)","6505820157; 57191418125; 57191412000; 7004385036","Promoting resilience in Cambodian lowland rice ecosystems—Farming system research to support flexible climate response strategies for smallholder farmers","2016","Field Crops Research","198","","","148","159","16","10.1016/j.fcr.2016.09.007","https://www.scopus.com/inward/record.uri?eid=2-s2.0-84989907635&doi=10.1016%2Fj.fcr.2016.09.007&partnerID=40&md5=0087e23b78a048815324e2d60305c23f","Article","Final","","Scopus","2-s2.0-84989907635"
"Dorosh, P.A.; Rashid, S.; van Asselt, J.","Dorosh, Paul A. (6603810543); Rashid, Shahidur (13608945000); van Asselt, Joanna (57190582162)","6603810543; 13608945000; 57190582162","Enhancing food security in South Sudan: the role of markets and regional trade","2016","Agricultural Economics (United Kingdom)","47","6","","697","707","17","10.1111/agec.12266","https://www.scopus.com/inward/record.uri?eid=2-s2.0-84981295029&doi=10.1111%2Fagec.12266&partnerID=40&md5=e8c8e59945ff9c13a651f786d60c5b93","Article","Final","","Scopus","2-s2.0-84981295029"
"Jaafar, H.H.; Woertz, E.","Jaafar, Hadi H. (36628550700); Woertz, Eckart (55602763200)","36628550700; 55602763200","Agriculture as a funding source of ISIS: A GIS and remote sensing analysis","2016","Food Policy","64","","","14","25","64","10.1016/j.foodpol.2016.09.002","https://www.scopus.com/inward/record.uri?eid=2-s2.0-84988000490&doi=10.1016%2Fj.foodpol.2016.09.002&partnerID=40&md5=f8567f7ae378e7416b10fb164dee7841","Article","Final","All Open Access; Hybrid Gold Open Access","Scopus","2-s2.0-84988000490"
"Zhang, Q.; Sun, Z.; Wu, F.; Deng, X.","Zhang, Qian (57189233686); Sun, Zhongxiao (55960612200); Wu, Feng (57189375819); Deng, Xiangzheng (7401769047)","57189233686; 55960612200; 57189375819; 7401769047","Understanding rural restructuring in China: The impact of changes in labor and capital productivity on domestic agricultural production and trade","2016","Journal of Rural Studies","47","","","552","562","42","10.1016/j.jrurstud.2016.05.001","https://www.scopus.com/inward/record.uri?eid=2-s2.0-84970016180&doi=10.1016%2Fj.jrurstud.2016.05.001&partnerID=40&md5=41dfb360d08fb668e3831d7a6f64fa82","Article","Final","All Open Access; Gold Open Access","Scopus","2-s2.0-84970016180"
"Fang, A.H.","Fang, Arnold H. (55372047700)","55372047700","Linkage between Rural Voters and Politicians: Effects on Rice Policies in the Philippines and Thailand","2016","Asia and the Pacific Policy Studies","3","3","","505","517","4","10.1002/app5.150","https://www.scopus.com/inward/record.uri?eid=2-s2.0-85032819942&doi=10.1002%2Fapp5.150&partnerID=40&md5=d042bd6cd2d84ba1eecd3fbb82d8567f","Article","Final","All Open Access; Gold Open Access","Scopus","2-s2.0-85032819942"
"Götz, L.; Djuric, I.; Nivievskyi, O.","Götz, Linde (37066033600); Djuric, Ivan (56333891300); Nivievskyi, Oleg (26664883800)","37066033600; 56333891300; 26664883800","Regional Price Effects of Extreme Weather Events and Wheat Export Controls in Russia and Ukraine","2016","Journal of Agricultural Economics","67","3","","741","763","28","10.1111/1477-9552.12167","https://www.scopus.com/inward/record.uri?eid=2-s2.0-84976863940&doi=10.1111%2F1477-9552.12167&partnerID=40&md5=5e78e8580a0fa72697c05848ae05c3b0","Article","Final","","Scopus","2-s2.0-84976863940"
"Uhl, K.; Perekhozhuk, O.; Glauben, T.","Uhl, Kerstin Marit (57190872128); Perekhozhuk, Oleksandr (35622300400); Glauben, Thomas (57203537824)","57190872128; 35622300400; 57203537824","Price Discrimination in Russian Wheat Exports: Evidence from Firm-level Data","2016","Journal of Agricultural Economics","67","3","","722","740","8","10.1111/1477-9552.12118","https://www.scopus.com/inward/record.uri?eid=2-s2.0-84933574339&doi=10.1111%2F1477-9552.12118&partnerID=40&md5=9b2773fb95288d16cc71cb6a8c09f88b","Article","Final","","Scopus","2-s2.0-84933574339"
"O’Keeffe, P.","O’Keeffe, Patrick (57193223943)","57193223943","Supply chain management strategies of agricultural corporations: A resource dependency approach","2016","Competition and Change","20","4","","255","274","2","10.1177/1024529416647146","https://www.scopus.com/inward/record.uri?eid=2-s2.0-84978270134&doi=10.1177%2F1024529416647146&partnerID=40&md5=dcdd3083179a2cb117534832ceaa7025","Article","Final","","Scopus","2-s2.0-84978270134"
"Wilson, M.","Wilson, Marisa (56650400600)","56650400600","Food and nutrition security policies in the Caribbean: Challenging the corporate food regime?","2016","Geoforum","73","","","60","69","23","10.1016/j.geoforum.2015.05.005","https://www.scopus.com/inward/record.uri?eid=2-s2.0-84929587392&doi=10.1016%2Fj.geoforum.2015.05.005&partnerID=40&md5=4a88bdcd0307cb424e5d2365de8cf988","Article","Final","All Open Access; Green Final Open Access; Green Open Access","Scopus","2-s2.0-84929587392"
"Yu, Y.; Feng, K.; Hubacek, K.; Sun, L.","Yu, Yang (59825857800); Feng, Kuishuang (35169268500); Hubacek, Klaus (55802235200); Sun, Laixiang (15821588400)","59825857800; 35169268500; 55802235200; 15821588400","Global Implications of China's Future Food Consumption","2016","Journal of Industrial Ecology","20","3","","593","602","70","10.1111/jiec.12392","https://www.scopus.com/inward/record.uri?eid=2-s2.0-84954284995&doi=10.1111%2Fjiec.12392&partnerID=40&md5=5c2d7e68b650fe192c371be9b2b922f5","Article","Final","All Open Access; Green Accepted Open Access; Green Open Access","Scopus","2-s2.0-84954284995"
"Khodeir, M.H.; AbdelSalam, H.M.","Khodeir, Miral Hossam (56441490700); AbdelSalam, Hisham Mohamed E. (12140363300)","56441490700; 12140363300","Simulating corn supply, demand and consumption in Egypt: A system dynamics approach","2016","ACM International Conference Proceeding Series","09-11-May-2016","","2908484","14","20","7","10.1145/2908446.2908484","https://www.scopus.com/inward/record.uri?eid=2-s2.0-84998977815&doi=10.1145%2F2908446.2908484&partnerID=40&md5=7607ea5b4427c71ed55fb3159dd558df","Conference paper","Final","","Scopus","2-s2.0-84998977815"
"Chauhan, J.S.; Rajendra Prasad, S.; Pal, S.; Choudhury, P.R.; Udaya Bhaskar, K.","Chauhan, Jitendra Singh (24823901000); Rajendra Prasad, Siddegowda (8632619600); Pal, Satinder (57189309867); Choudhury, Pranab R. (7102532860); Udaya Bhaskar, K. (59663114200)","24823901000; 8632619600; 57189309867; 7102532860; 59663114200","Seed production of field crops in India: Quality assurance, status, impact and way forward","2016","Indian Journal of Agricultural Sciences","86","5","","563","579","32","","https://www.scopus.com/inward/record.uri?eid=2-s2.0-84968830832&partnerID=40&md5=cd29b622a54dc9fb35183e66feff5909","Review","Final","","Scopus","2-s2.0-84968830832"
"Araujo-Enciso, S.R.; Fellmann, T.; Pérez-Domínguez, I.; Santini, F.","Araujo-Enciso, Sergio René (57120207100); Fellmann, Thomas (24831806300); Pérez-Domínguez, Ignacio (26431610500); Santini, Fabien (56239125100)","57120207100; 24831806300; 26431610500; 56239125100","Abolishing biofuel policies: Possible impacts on agricultural price levels, price variability and global food security","2016","Food Policy","61","","","9","26","45","10.1016/j.foodpol.2016.01.007","https://www.scopus.com/inward/record.uri?eid=2-s2.0-84958240042&doi=10.1016%2Fj.foodpol.2016.01.007&partnerID=40&md5=dfe5157e5e20aeec9107c686298aa125","Article","Final","All Open Access; Hybrid Gold Open Access","Scopus","2-s2.0-84958240042"
"Arfanuzzaman, Md.; Ahmad, Q.K.","Arfanuzzaman, Md (57189095885); Ahmad, Qazi Kholiquzzaman (7004013750)","57189095885; 7004013750","Assessing the regional food insecurity in Bangladesh due to irrigation water shortage in the Teesta catchment area","2016","Water Policy","18","2","","304","317","6","10.2166/wp.2015.072","https://www.scopus.com/inward/record.uri?eid=2-s2.0-84965175267&doi=10.2166%2Fwp.2015.072&partnerID=40&md5=56b202f0b9aff11c4afa46d1a37c9ab2","Article","Final","","Scopus","2-s2.0-84965175267"
"Hosoe, N.","Hosoe, Nobuhiro (55936781200)","55936781200","The double dividend of agricultural trade liberalization: Consistency between national food security and gains from trade","2016","Journal of Asian Economics","43","","","27","36","8","10.1016/j.asieco.2016.02.001","https://www.scopus.com/inward/record.uri?eid=2-s2.0-84961119334&doi=10.1016%2Fj.asieco.2016.02.001&partnerID=40&md5=57e5fd14a056a4672ddde6eab2b4734f","Article","Final","","Scopus","2-s2.0-84961119334"
"Erban, L.E.; Gorelick, S.M.","Erban, Laura E. (23491974900); Gorelick, Steven M. (7006043417)","23491974900; 7006043417","Closing the irrigation deficit in Cambodia: Implications for transboundary impacts on groundwater and Mekong River flow","2016","Journal of Hydrology","535","","","85","92","44","10.1016/j.jhydrol.2016.01.072","https://www.scopus.com/inward/record.uri?eid=2-s2.0-84957084462&doi=10.1016%2Fj.jhydrol.2016.01.072&partnerID=40&md5=9de499b74b00442825b3849f85f90d7c","Article","Final","","Scopus","2-s2.0-84957084462"
"Bren D'Amour, C.; Wenz, L.; Kalkuhl, M.; Steckel, J.; Creutzig, F.","Bren D'Amour, Christopher (57188625365); Wenz, Leonie (56422119800); Kalkuhl, Matthias (36646251800); Steckel, Jan Christoph (35759880900); Creutzig, Felix (23995215600)","57188625365; 56422119800; 36646251800; 35759880900; 23995215600","Teleconnected food supply shocks","2016","Environmental Research Letters","11","3","035007","","","172","10.1088/1748-9326/11/3/035007","https://www.scopus.com/inward/record.uri?eid=2-s2.0-84961878043&doi=10.1088%2F1748-9326%2F11%2F3%2F035007&partnerID=40&md5=d89da3d3ff3d00cd88d6633323e0305f","Article","Final","All Open Access; Gold Open Access; Green Accepted Open Access; Green Open Access","Scopus","2-s2.0-84961878043"
"Dilekli, N.; Duchin, F.","Dilekli, Naci (56313670700); Duchin, Faye (6602836146)","56313670700; 6602836146","Prospects for Cellulosic Biofuel Production in the Northeastern United States: A Scenario Analysis","2016","Journal of Industrial Ecology","20","1","","120","131","25","10.1111/jiec.12291","https://www.scopus.com/inward/record.uri?eid=2-s2.0-84959090343&doi=10.1111%2Fjiec.12291&partnerID=40&md5=e926221915cdc14d610e987ba554778b","Article","Final","All Open Access; Bronze Open Access; Green Accepted Open Access; Green Open Access","Scopus","2-s2.0-84959090343"
"Singh, R.J.; Ghosh, B.N.; Sharma, N.K.; Patra, S.; Dadhwal, K.S.; Mishra, P.K.","Singh, Raman Jeet (57198437819); Ghosh, Birendra Nath (57213274469); Sharma, Narinder Kumar (56364679000); Patra, Sridhar (56732526700); Dadhwal, Kuldeep Singh (6602333482); Mishra, Prasanta Kumar (57223695852)","57198437819; 57213274469; 56364679000; 56732526700; 6602333482; 57223695852","Energy budgeting and emergy synthesis of rainfed maize-wheat rotation system with different soil amendment applications","2016","Ecological Indicators","61","","","753","765","60","10.1016/j.ecolind.2015.10.026","https://www.scopus.com/inward/record.uri?eid=2-s2.0-84949729221&doi=10.1016%2Fj.ecolind.2015.10.026&partnerID=40&md5=f274cd3703374f3ae47074fa424b771c","Article","Final","","Scopus","2-s2.0-84949729221"
"Davidson, J.S.","Davidson, Jamie S. (7403932531)","7403932531","Why the Philippines Chooses to Import Rice","2016","Critical Asian Studies","48","1","","100","122","23","10.1080/14672715.2015.1129184","https://www.scopus.com/inward/record.uri?eid=2-s2.0-84959209161&doi=10.1080%2F14672715.2015.1129184&partnerID=40&md5=94fbc3b81fe8a74507bda43cb4600d4e","Article","Final","","Scopus","2-s2.0-84959209161"
"Dieu, P.Q.","Dieu, Pham Quang (57193013539)","57193013539","Agriculture growth after 30 years of renovation - necessity for a new thought on rice cultivated land for exports and food security","2016","Ikonomicheski Izsledvania","25","4","","145","157","0","","https://www.scopus.com/inward/record.uri?eid=2-s2.0-85010042378&partnerID=40&md5=01a9df2e1751a74a0e3f73d4d8d2c27c","Article","Final","","Scopus","2-s2.0-85010042378"
"John, I.; Egelyng, H.; Lokina, A.","John, Innocensia (57192206178); Egelyng, Henrik (8612425700); Lokina, Azack (57192208256)","57192206178; 8612425700; 57192208256","Tanzanian food origins and protected geographical indications","2016","Future of Food: Journal on Food, Agriculture and Society","4","2","","6","12","2","","https://www.scopus.com/inward/record.uri?eid=2-s2.0-85000885291&partnerID=40&md5=0224b8faa319e72dd4d522a9fc464ef2","Article","Final","","Scopus","2-s2.0-85000885291"
"Phungpracha, E.; Kansuntisukmongkon, K.; Panya, O.","Phungpracha, Ekarin (57192166197); Kansuntisukmongkon, Kulvadee (57192154460); Panya, Opart (6507402607)","57192166197; 57192154460; 6507402607","Traditional ecological knowledge in Thailand: Mechanisms and contributions to food security","2016","Kasetsart Journal of Social Sciences","37","2","","82","87","35","10.1016/j.kjss.2015.07.001","https://www.scopus.com/inward/record.uri?eid=2-s2.0-84998591780&doi=10.1016%2Fj.kjss.2015.07.001&partnerID=40&md5=ac7efb72b7d3ca339bec175a087c8087","Article","Final","All Open Access; Gold Open Access; Green Accepted Open Access; Green Open Access","Scopus","2-s2.0-84998591780"
"Kikuchi, M.; Haneishi, Y.; Maruyama, A.; Tokida, K.; Asea, G.; Tsuboi, T.","Kikuchi, Masao (55057521800); Haneishi, Yusuke (56925242900); Maruyama, Atsushi (56038431600); Tokida, Kunihiro (56925126400); Asea, Godfrey (6504550111); Tsuboi, Tatsushi (56471325200)","55057521800; 56925242900; 56038431600; 56925126400; 6504550111; 56471325200","The competitiveness of domestic rice production in East Africa: A domestic resource cost approach in Uganda","2016","Journal of Agriculture and Rural Development in the Tropics and Subtropics","117","1","","57","72","4","","https://www.scopus.com/inward/record.uri?eid=2-s2.0-84965010928&partnerID=40&md5=166095a8de904239ceef6e9fa8d80820","Article","Final","","Scopus","2-s2.0-84965010928"
"Schmitz, A.; Kennedy, P.L.","Schmitz, Andrew (36004395200); Kennedy, P. Lynn (24729063300)","36004395200; 24729063300","Food security and the role of food storage","2016","Frontiers of Economics and Globalization","16","","","1","17","8","10.1108/S1574-871520150000016001","https://www.scopus.com/inward/record.uri?eid=2-s2.0-84954311219&doi=10.1108%2FS1574-871520150000016001&partnerID=40&md5=35260991f83005cce542e38a4ae0b219","Article","Final","","Scopus","2-s2.0-84954311219"
"Arun Balaji, S.; Manimegalai, P.","Arun Balaji, S. (57079258100); Manimegalai, P. (57750651300)","57079258100; 57750651300","Effect of different statistical measures in error reduction in feed forward back propagation neural network (FFBPNN) to predict rice production","2015","International Journal of Applied Engineering Research","10","24","","44570","44578","3","","https://www.scopus.com/inward/record.uri?eid=2-s2.0-84955566041&partnerID=40&md5=3809a196305f30d298ce6ffcd97a398d","Article","Final","","Scopus","2-s2.0-84955566041"
"Gutierrez, L.; Piras, F.; Roggero, P.","Gutierrez, Luciano (7101720690); Piras, Francesco (59347756500); Roggero, Pier Paolo (7006016139)","7101720690; 59347756500; 7006016139","A Global Vector Autoregression Model for the Analysis of Wheat Export Prices","2015","American Journal of Agricultural Economics","97","5","","1494","1511","13","10.1093/ajae/aau103","https://www.scopus.com/inward/record.uri?eid=2-s2.0-84943548047&doi=10.1093%2Fajae%2Faau103&partnerID=40&md5=62b091cf337c04e5f93a903c414ac4e3","Article","Final","","Scopus","2-s2.0-84943548047"
"Nasrin, S.; Bergman-Lodin, J.B.; Jirström, M.; Holmquist, B.; Andersson, A.A.; Djurfeldt, G.","Nasrin, Sultana (55962171400); Bergman-Lodin, Johanna (56433376300); Jirström, Magnus (6507382219); Holmquist, Björn (7007161922); Andersson, Agnes (55326377500); Djurfeldt, Göran (6602656779)","55962171400; 56433376300; 6507382219; 7007161922; 55326377500; 6602656779","Drivers of rice production: Evidence from five Sub-Saharan African countries","2015","Agriculture and Food Security","4","1","12","","","29","10.1186/s40066-015-0032-6","https://www.scopus.com/inward/record.uri?eid=2-s2.0-85006038107&doi=10.1186%2Fs40066-015-0032-6&partnerID=40&md5=e75f23116a7f97ec52368f12f37ecaf9","Article","Final","All Open Access; Gold Open Access; Green Accepted Open Access; Green Open Access","Scopus","2-s2.0-85006038107"
"Massieu, Y.C.M.; Rodarte, B.O.A.; Hernández, L.A.","Massieu, Yolanda (6507065203); Rodarte, Blanca Olivia Acuña (57164756100); Hernández, Luis Alberto Anaya (57164329500)","6507065203; 57164756100; 57164329500","Biofuelsl: Socio-environmental violence in rural Mexico","2015","Latin American Perspectives","42","5","","67","82","5","10.1177/0094582X15594398","https://www.scopus.com/inward/record.uri?eid=2-s2.0-84960474251&doi=10.1177%2F0094582X15594398&partnerID=40&md5=2044844df2290352814252399e967b32","Article","Final","","Scopus","2-s2.0-84960474251"
"XU, S.-W.; Li, G.-Q.; Li, Z.-M.","XU, Shi-wei (37662457800); Li, Ganqiong (36716615800); Li, Zhemin (37661738500)","37662457800; 36716615800; 37661738500","China agricultural outlook for 2015-2024 based on China Agricultural Monitoring and Early-warning System (CAMES)","2015","Journal of Integrative Agriculture","14","9","","1889","1902","30","10.1016/S2095-3119(15)61149-2","https://www.scopus.com/inward/record.uri?eid=2-s2.0-84940861893&doi=10.1016%2FS2095-3119%2815%2961149-2&partnerID=40&md5=7f889f991b655b82c53f7915530a1205","Article","Final","All Open Access; Green Accepted Open Access; Green Open Access; Hybrid Gold Open Access","Scopus","2-s2.0-84940861893"
"Ringler, C.; Zhu, T.","Ringler, Claudia (6603403564); Zhu, Tingju (8860028600)","6603403564; 8860028600","Water resources and food security","2015","Agronomy Journal","107","4","","1533","1538","33","10.2134/agronj14.0256","https://www.scopus.com/inward/record.uri?eid=2-s2.0-84935522915&doi=10.2134%2Fagronj14.0256&partnerID=40&md5=b86e191c6e62b045ee49180452eeac2e","Article","Final","All Open Access; Green Accepted Open Access; Green Open Access; Hybrid Gold Open Access","Scopus","2-s2.0-84935522915"
"Adhikari, U.; Nejadhashemi, A.P.; Woznicki, S.A.","Adhikari, Umesh (55635878100); Nejadhashemi, A. Pouyan (6504453135); Woznicki, Sean A. (36657880700)","55635878100; 6504453135; 36657880700","Climate change and eastern Africa: A review of impact on major crops","2015","Food and Energy Security","4","2","","110","132","450","10.1002/fes3.61","https://www.scopus.com/inward/record.uri?eid=2-s2.0-84961240788&doi=10.1002%2Ffes3.61&partnerID=40&md5=a28c0d6686ef2f2d2fa5939f32a8e9d2","Review","Final","All Open Access; Gold Open Access","Scopus","2-s2.0-84961240788"
"Shamsudin, M.N.; Ramli, N.N.; Radam, A.; Mohamed, Z.","Shamsudin, Mad Nasir Bin (21234392000); Ramli, Nurul Nadia (56414409400); Radam, Alias (6504384717); Mohamed, Zainal Abidin (26657589400)","21234392000; 56414409400; 6504384717; 26657589400","The impact of fertiliser subsidy and new variety of paddy on Malaysian paddy/rice industry","2015","Pertanika Journal of Social Sciences and Humanities","23","","","1","10","1","","https://www.scopus.com/inward/record.uri?eid=2-s2.0-84938063242&partnerID=40&md5=2e0d90fd0abae67e136aec8c6e4bda7a","Article","Final","","Scopus","2-s2.0-84938063242"
"Van Oort, P.A.J.; Saito, K.; Tanaka, A.; Amovin-Assagba, E.; Van Bussel, L.G.J.; van Wart, J.; de Groot, H.; van Ittersum, M.K.; Cassman, K.G.; Wöpereis, M.C.S.","Van Oort, Pepijn Adrianus Johannes (8663582400); Saito, Kazuki (56517356800); Tanaka, Atsuko (55348816200); Amovin-Assagba, Eyram (56178475700); Van Bussel, Lenny G.J. (36022156800); van Wart, Justin (55633320700); de Groot, Hugo L.E. (56517691300); van Ittersum, Martin K. (56580453600); Cassman, Kenneth G. (7003725994); Wöpereis, Marco C.S. (7004110300)","8663582400; 56517356800; 55348816200; 56178475700; 36022156800; 55633320700; 56517691300; 56580453600; 7003725994; 7004110300","Assessment of rice self-sufficiency in 2025 in eight African countries","2015","Global Food Security","5","","","39","49","119","10.1016/j.gfs.2015.01.002","https://www.scopus.com/inward/record.uri?eid=2-s2.0-84931567204&doi=10.1016%2Fj.gfs.2015.01.002&partnerID=40&md5=a1ec27b39f28e2ae5d0683776e0e4b28","Review","Final","All Open Access; Green Accepted Open Access; Green Open Access; Hybrid Gold Open Access","Scopus","2-s2.0-84931567204"
"Naila, A.; Flint, S.; Fletcher, G.C.; Bremer, P.J.; Meerdink, G.","Naila, Aishath (36504716200); Flint, Steve H. (7101692911); Fletcher, Graham Clive (7201595077); Bremer, Phil J. (7004409412); Meerdink, Gerrit (59793416100)","36504716200; 7101692911; 7201595077; 7004409412; 59793416100","Emerging Approach: Reduce Histamine Poisoning with Diamine Oxidase","2015","Journal of Food Processing and Preservation","39","3","","225","230","4","10.1111/jfpp.12224","https://www.scopus.com/inward/record.uri?eid=2-s2.0-84930181173&doi=10.1111%2Fjfpp.12224&partnerID=40&md5=70dcca5eb337a097172c41cc2548f887","Article","Final","","Scopus","2-s2.0-84930181173"
"Pazhanivelan, S.; Kannan, P.; Christy Nirmala Mary, P.; Subramanian, E.; Jeyaraman, S.; Nelson, A.; Setiyono, T.; Holecz, F.; Barbieri, M.; Yadav, M.","Pazhanivelan, Sellaperumal (15751396600); Kannan, Pandian (57218939634); Christy Nirmala Mary, Petchimuthu (56668745800); Subramanian, E. (53874166800); Jeyaraman, S. (57195565417); Nelson, A. D. (57210095254); Setiyono, Tri Deri (15077441700); Holecz, Francesco H. (6603903590); Barbieri, Massimo (57189021556); Yadav, Manoj Kumar (59831614700)","15751396600; 57218939634; 56668745800; 53874166800; 57195565417; 57210095254; 15077441700; 6603903590; 57189021556; 59831614700","Rice crop monitoring and yield estimation through COSMO Skymed and TerraSAR-X: A SAR-based experience in India","2015","International Archives of the Photogrammetry, Remote Sensing and Spatial Information Sciences - ISPRS Archives","40","7W3","","85","92","28","10.5194/isprsarchives-XL-7-W3-85-2015","https://www.scopus.com/inward/record.uri?eid=2-s2.0-84930408635&doi=10.5194%2Fisprsarchives-XL-7-W3-85-2015&partnerID=40&md5=77dfd1ed205f44eea9e9d612d5592d4f","Conference paper","Final","All Open Access; Gold Open Access; Green Accepted Open Access; Green Open Access","Scopus","2-s2.0-84930408635"
"Mariano, M.J.M.; Giesecke, J.A.; Tran, N.H.","Mariano, Marc Jim M. (36814031500); Giesecke, James Andrew (7005598275); Tran, Nhi Hoang (49962502300)","36814031500; 7005598275; 49962502300","The effects of domestic rice market interventions outside business-as-usual conditions for imported rice prices","2015","Applied Economics","47","8","","809","832","3","10.1080/00036846.2014.980576","https://www.scopus.com/inward/record.uri?eid=2-s2.0-84919845291&doi=10.1080%2F00036846.2014.980576&partnerID=40&md5=7a770eaa54c29b2c9a16c716a7ad77d8","Article","Final","","Scopus","2-s2.0-84919845291"
"Luckmann, J.; Ihle, R.; Kleinwechter, U.; Grethe, H.","Luckmann, Jonas (55541106600); Ihle, Rico (36166946500); Kleinwechter, Ulrich (55260612000); Grethe, Harald (16039391100)","55541106600; 36166946500; 55260612000; 16039391100","World market integration of Vietnamese rice markets during the 2008 food price crisis","2015","Food Security","7","1","","143","157","10","10.1007/s12571-014-0412-y","https://www.scopus.com/inward/record.uri?eid=2-s2.0-84923065244&doi=10.1007%2Fs12571-014-0412-y&partnerID=40&md5=326d93846570ffe0c13d04aca1299d51","Article","Final","All Open Access; Green Accepted Open Access; Green Open Access","Scopus","2-s2.0-84923065244"
"Mosleh, M.K.; Hassan, Q.K.; Chowdhury, E.H.","Mosleh, Mostafa Kamal Kamel (56084496200); Hassan, Quazi K. (17434129600); Chowdhury, Ehsan H. (55565579700)","56084496200; 17434129600; 55565579700","Application of remote sensors in mapping rice area and forecasting its production: A review","2015","Sensors (Switzerland)","15","1","","769","791","257","10.3390/s150100769","https://www.scopus.com/inward/record.uri?eid=2-s2.0-84920506757&doi=10.3390%2Fs150100769&partnerID=40&md5=ee9c14ec85453158e356c80fb0224835","Review","Final","All Open Access; Gold Open Access; Green Accepted Open Access; Green Open Access","Scopus","2-s2.0-84920506757"
"Waithaka, M.; Belay, G.; Kyotalimye, M.; Karembu, M.","Waithaka, Michael M. (57219869282); Belay, Getachew (57209013849); Kyotalimye, Miriam (36975656700); Karembu, Margaret (26640508600)","57219869282; 57209013849; 36975656700; 26640508600","Progress and challenges for implementation of the Common Market for Eastern and Southern Africa policy on biotechnology and biosafety","2015","Frontiers in Bioengineering and Biotechnology","3","JUL","109","","","7","10.3389/fbioe.2015.00109","https://www.scopus.com/inward/record.uri?eid=2-s2.0-85020438223&doi=10.3389%2Ffbioe.2015.00109&partnerID=40&md5=0d8e54c0e602ac707d6c9ed90585a5b7","Article","Final","All Open Access; Gold Open Access; Green Accepted Open Access; Green Open Access","Scopus","2-s2.0-85020438223"
"Elsheikh, O.E.; Elbushra, A.A.; Salih, A.A.A.","Elsheikh, Omer Elgaili (35766379600); Elbushra, Azharia Abdelbagi (57194467306); Salih, Ali A.A. (36110206300)","35766379600; 57194467306; 36110206300","Economic impacts of changes in wheat's import tariff on the Sudanese economy","2015","Journal of the Saudi Society of Agricultural Sciences","14","1","","68","75","14","10.1016/j.jssas.2013.08.002","https://www.scopus.com/inward/record.uri?eid=2-s2.0-84990208197&doi=10.1016%2Fj.jssas.2013.08.002&partnerID=40&md5=905791172839274c8c61df628747786f","Article","Final","All Open Access; Green Accepted Open Access; Green Open Access; Hybrid Gold Open Access","Scopus","2-s2.0-84990208197"
"Fulgeanu, D.F.; Arghiroiu, A.G.","Fulgeanu, Denisa (56968194000); Arghiroiu, Armeniţa Georgiana (57210156187)","56968194000; 57210156187","Study on the self-sufficiency ratio for the main cereals cultivated in Romania - Index of the food security insurance capacity","2015","Proceedings of the 26th International Business Information Management Association Conference - Innovation Management and Sustainable Economic Competitive Advantage: From Regional Development to Global Growth, IBIMA 2015","","","","3002","3008","0","","https://www.scopus.com/inward/record.uri?eid=2-s2.0-84976416322&partnerID=40&md5=aaa0538425c6cba08d293a061145f280","Conference paper","Final","","Scopus","2-s2.0-84976416322"
"Mukherjee, C.; Chowdhury, R.; Ray, K.","Mukherjee, Chandan (55912727800); Chowdhury, Rajojit (57214845848); Ray, Krishna (55913840000)","55912727800; 57214845848; 55913840000","Phosphorus recycling from an unexplored source by polyphosphate accumulating microalgae and cyanobacteria-a step to phosphorus security in agriculture","2015","Frontiers in Microbiology","6","DEC","01421","","","80","10.3389/fmicb.2015.01421","https://www.scopus.com/inward/record.uri?eid=2-s2.0-84953883700&doi=10.3389%2Ffmicb.2015.01421&partnerID=40&md5=77a8cbb4d6a0bf8ad86040e6e8d172d3","Article","Final","All Open Access; Gold Open Access; Green Accepted Open Access; Green Open Access","Scopus","2-s2.0-84953883700"
"Wailes, E.J.; Durand-Morat, A.; Diagne, M.","Wailes, Eric J. (6603016535); Durand-Morat, Alvaro (57015306400); Diagne, Mandiaye (26655509500)","6603016535; 57015306400; 26655509500","Regional and national rice development strategies for food security in West Africa","2015","Frontiers of Economics and Globalization","15","","","255","268","12","10.1108/S1574-871520150000015025","https://www.scopus.com/inward/record.uri?eid=2-s2.0-84951175561&doi=10.1108%2FS1574-871520150000015025&partnerID=40&md5=fa178148f34f4959baa9869ecf1abb55","Article","Final","","Scopus","2-s2.0-84951175561"
"Grover, D.K.; Singh, J.M.","Grover, D. K. (32367679800); Singh, Jarnail M. (58717986900)","32367679800; 58717986900","Fiscal viability of pulses cultivation in Punjab: An economic analysis","2015","Indian Journal of Agricultural Research","49","5","","392","399","5","10.18805/ijare.v49i5.5800","https://www.scopus.com/inward/record.uri?eid=2-s2.0-84946741979&doi=10.18805%2Fijare.v49i5.5800&partnerID=40&md5=2676170a1fa6d31d72003e3034a9f256","Article","Final","","Scopus","2-s2.0-84946741979"
"Shams, S.; Shafiuddin, K.B.M.H.; Sultan, A.M.S.B.H.M.; Juani, R.B.H.M.","Shams, Shahriar (56253584500); Shafiuddin, K. B.M.Hj (55347572000); Sultan, Asmaal Muizz Sallehhin Bin Hj Mohammad (56883989900); Juani, Rozeana Binti Hj Md (57004963500)","56253584500; 55347572000; 56883989900; 57004963500","Agriculture adaptation to climate change in Brunei Darussalam: A step towards food security","2015","Environment and Urbanization ASIA","6","1","","59","70","9","10.1177/0975425315585193","https://www.scopus.com/inward/record.uri?eid=2-s2.0-84942860244&doi=10.1177%2F0975425315585193&partnerID=40&md5=a13a5815eaa1ac461f439ab7a5084b1d","Article","Final","","Scopus","2-s2.0-84942860244"
"Elsedig, E.A.A.; Mohd, M.I.; Fatimah, M.A.","Elsedig, E. A.A. (56568311500); Mohd, M. I. (56567812100); Fatimah, Mohamed Arshad (36969674900)","56568311500; 56567812100; 36969674900","Assessing the competitiveness and comparative advantage of broiler production in Johor using policy analysis matrix","2015","International Food Research Journal","22","1","","116","121","24","","https://www.scopus.com/inward/record.uri?eid=2-s2.0-84925440023&partnerID=40&md5=1f1a966afd1dd0c30d065d3d6669565b","Article","Final","","Scopus","2-s2.0-84925440023"
"Ge, H.; Gray, R.; Nolan, J.","Ge, Houtian (54953592900); Gray, Richard S. (7403689734); Nolan, James F. (7201399849)","54953592900; 7403689734; 7201399849","Agricultural supply chain optimization and complexity: A comparison of analytic vs simulated solutions and policies","2015","International Journal of Production Economics","159","","","208","220","88","10.1016/j.ijpe.2014.09.023","https://www.scopus.com/inward/record.uri?eid=2-s2.0-84916234470&doi=10.1016%2Fj.ijpe.2014.09.023&partnerID=40&md5=3f7173af578253bcff1727a3e9698803","Article","Final","","Scopus","2-s2.0-84916234470"
"Thennakoon, J.; Anderson, K.","Thennakoon, Jayanthi (56429548700); Anderson, Kym (7404580242)","56429548700; 7404580242","Could the proposed WTO Special Safeguard Mechanism protect farmers from low international prices?","2015","Food Policy","50","","","106","113","18","10.1016/j.foodpol.2014.10.014","https://www.scopus.com/inward/record.uri?eid=2-s2.0-84912062384&doi=10.1016%2Fj.foodpol.2014.10.014&partnerID=40&md5=652d8ce24a56f133aab5e323732ebadd","Article","Final","","Scopus","2-s2.0-84912062384"
"Visser, O.; Spoor, M.; Mamonova, N.","Visser, Oane (35819022800); Spoor, Max (6701616413); Mamonova, Natalia (55242020800)","35819022800; 6701616413; 55242020800","Is Russia the Emerging Global ‘Breadbasket’? Re-cultivation, Agroholdings and Grain Production","2014","Europe - Asia Studies","66","10","","1589","1610","50","10.1080/09668136.2014.967569","https://www.scopus.com/inward/record.uri?eid=2-s2.0-84911369089&doi=10.1080%2F09668136.2014.967569&partnerID=40&md5=2733340f0053131a5bdfd12c419c0f31","Article","Final","All Open Access; Green Accepted Open Access; Green Open Access","Scopus","2-s2.0-84911369089"
"Bonnin, C.; Turner, S.","Bonnin, Christine (36195342600); Turner, Sarah (7402275425)","36195342600; 7402275425","‘A good wife stays home’: gendered negotiations over state agricultural programmes, upland Vietnam","2014","Gender, Place and Culture","21","10","","1302","1320","26","10.1080/0966369X.2013.832663","https://www.scopus.com/inward/record.uri?eid=2-s2.0-84911368442&doi=10.1080%2F0966369X.2013.832663&partnerID=40&md5=06ce64781e904f5443cb45725571bc95","Article","Final","","Scopus","2-s2.0-84911368442"
"Tey, Y.S.; Brindal, M.","Tey, Yeong Sheng (26026139600); Brindal, Mark (55314362900)","26026139600; 55314362900","Adapting importation policy to global commodity markets: implications of rice import allocation in Singapore","2014","Mitigation and Adaptation Strategies for Global Change","19","8","","1277","1293","3","10.1007/s11027-013-9474-y","https://www.scopus.com/inward/record.uri?eid=2-s2.0-84912046019&doi=10.1007%2Fs11027-013-9474-y&partnerID=40&md5=79e851d00fd26eb74b2ff925292b3b4e","Article","Final","","Scopus","2-s2.0-84912046019"
"Son, N.T.; Chen, C.F.; Chen, C.R.; Minh, V.Q.; Trung, N.H.","Son, Nguyenthanh (36718754900); Chen, Chi Farn (7501959001); Chen, Cheng Cru (53663285500); Minh, Vo Quang (58002834700); Trung, Nguyen Hieu (55969658200)","36718754900; 7501959001; 53663285500; 58002834700; 55969658200","A comparative analysis of multitemporal MODIS EVI and NDVI data for large-scale rice yield estimation","2014","Agricultural and Forest Meteorology","197","","","52","64","274","10.1016/j.agrformet.2014.06.007","https://www.scopus.com/inward/record.uri?eid=2-s2.0-84903465565&doi=10.1016%2Fj.agrformet.2014.06.007&partnerID=40&md5=770e87af2b2b68505be678b535af2344","Article","Final","","Scopus","2-s2.0-84903465565"
"Hossain, M.","Hossain, Mahabub Zabed (7402472572)","7402472572","Food Security in South Asia: Status, Challenges and Policy Considerations","2014","World Food Policy","1","2","","108","123","1","10.18278/wfp.1.2.6","https://www.scopus.com/inward/record.uri?eid=2-s2.0-85150942024&doi=10.18278%2Fwfp.1.2.6&partnerID=40&md5=d19159eb081cbd2dea68e56a681c7f43","Article","Final","","Scopus","2-s2.0-85150942024"
"Probst, C.; Bandyopadhyay, R.; Cotty, P.J.","Probst, Claudia (16246508200); Bandyopadhyay, Ranajit (7005269281); Cotty, P. J. (7006597429)","16246508200; 7005269281; 7006597429","Diversity of aflatoxin-producing fungi and their impact on food safety in sub-Saharan Africa","2014","International Journal of Food Microbiology","174","","","113","122","149","10.1016/j.ijfoodmicro.2013.12.010","https://www.scopus.com/inward/record.uri?eid=2-s2.0-84893073387&doi=10.1016%2Fj.ijfoodmicro.2013.12.010&partnerID=40&md5=80b58dade9c695ad0ae10809b2519bd5","Article","Final","","Scopus","2-s2.0-84893073387"
"Son, N.T.; Chen, C.F.; Chen, C.R.","Son, Nguyenthanh (36718754900); Chen, Chi Farn (7501959001); Chen, Cheng Cru (53663285500)","36718754900; 7501959001; 53663285500","Rice yield estimation with satellite data","2014","35th Asian Conference on Remote Sensing 2014, ACRS 2014: Sensing for Reintegration of Societies","","","","","","0","","https://www.scopus.com/inward/record.uri?eid=2-s2.0-84925400362&partnerID=40&md5=54e3915fc79dc53b3dd043dda8005393","Conference paper","Final","","Scopus","2-s2.0-84925400362"
"Chung, U.; Gbègbèlègbe, S.; Shiferaw, B.; Robertson, R.; Yun, J.I.; Tesfaye, K.; Hoogenboom, G.; Sonder, K.","Chung, Uran (7006254021); Gbègbèlègbe, Sika D. (56255374400); Shiferaw, Bekele (6701330678); Robertson, Richard D. (57381244000); Yun, Jin I. (7201754012); Tesfaye, Kindie (6508224672); Hoogenboom, Gerrit (7004536477); Sonder, Kai (26531705200)","7006254021; 56255374400; 6701330678; 57381244000; 7201754012; 6508224672; 7004536477; 26531705200","Modeling the effect of a heat wave on maize production in the USA and its implications on food security in the developing world","2014","Weather and Climate Extremes","5","1","","67","77","48","10.1016/j.wace.2014.07.002","https://www.scopus.com/inward/record.uri?eid=2-s2.0-84922418592&doi=10.1016%2Fj.wace.2014.07.002&partnerID=40&md5=e533cea6fc9d0742431ae71662020510","Article","Final","All Open Access; Gold Open Access; Green Accepted Open Access; Green Open Access","Scopus","2-s2.0-84922418592"
"Msowoya, K.; Davtalab, R.; Madani, K.","Msowoya, Kondwani (56711326400); Davtalab, Rahman (19336810200); Madani, Kaveh (25960225600)","56711326400; 19336810200; 25960225600","Climate Change Impacts on Rainfed Corn Production in Malawi's Lilongwe District","2014","World Environmental and Water Resources Congress 2014: Water Without Borders - Proceedings of the 2014 World Environmental and Water Resources Congress","","","","1580","1587","5","10.1061/9780784413548.156","https://www.scopus.com/inward/record.uri?eid=2-s2.0-84920282266&doi=10.1061%2F9780784413548.156&partnerID=40&md5=2aa46217a77cb178cd629138d72eacb3","Conference paper","Final","","Scopus","2-s2.0-84920282266"
"Yawson, D.O.; Adu, M.O.; Ato Armah, F.A.; Chiroro, C.","Yawson, David Oscar (36459429000); Adu, Michael Osei (56121716200); Ato Armah, Frederick Ato (35483141300); Chiroro, Canford (56449298600)","36459429000; 56121716200; 35483141300; 56449298600","Virtual water and Phosphorus gains through rice imports to Ghana: Implications for food security policy","2014","International Journal of Agricultural Resources, Governance and Ecology","10","4","","374","393","16","10.1504/IJARGE.2014.066257","https://www.scopus.com/inward/record.uri?eid=2-s2.0-84918581162&doi=10.1504%2FIJARGE.2014.066257&partnerID=40&md5=b26165556599b65da3d6a72a87a60c04","Article","Final","","Scopus","2-s2.0-84918581162"
"Molyneux, N.; Soares, I.; Neto, F.","Molyneux, Nicholas (42861959200); Soares, Isabel (56341412800); Neto, Florindo M. (56340318400)","42861959200; 56341412800; 56340318400","Modeling Current and Future Climates using WorldClim and DIVA Software: Case Studies from Timor Leste and India","2014","Journal of Crop Improvement","28","5","","619","640","3","10.1080/15427528.2014.924369","https://www.scopus.com/inward/record.uri?eid=2-s2.0-84906705454&doi=10.1080%2F15427528.2014.924369&partnerID=40&md5=f8d76b1c52c29fc4b38911bd4ef671ca","Article","Final","","Scopus","2-s2.0-84906705454"
"Gbègbèlègbe, S.; Chung, U.; Shiferaw, B.; Msangi, S.; Tesfaye, K.","Gbègbèlègbe, Sika D. (56255374400); Chung, Uran (7006254021); Shiferaw, Bekele (6701330678); Msangi, Siwa M. (10045915100); Tesfaye, Kindie (6508224672)","56255374400; 7006254021; 6701330678; 10045915100; 6508224672","Quantifying the impact of weather extremes on global food security: A spatial bio-economic approach","2014","Weather and Climate Extremes","4","","","96","108","32","10.1016/j.wace.2014.05.005","https://www.scopus.com/inward/record.uri?eid=2-s2.0-84904745861&doi=10.1016%2Fj.wace.2014.05.005&partnerID=40&md5=9e9b50b3d48b85f96ba24f0b6e805ef7","Article","Final","All Open Access; Gold Open Access; Green Accepted Open Access; Green Open Access","Scopus","2-s2.0-84904745861"
"Bala, B.K.; Alias, E.F.; Arshad, F.M.; Noh, K.M.; Abdul Hadi, A.H.A.","Bala, Bilash Kanti (35560640500); Alias, Emmy Farha (55195986700); Arshad, Fatimah Mohamed (36869499300); Noh, Kusairi Mohd (7005821191); Abdul Hadi, Ahmad Hanis Izani (55037300900)","35560640500; 55195986700; 36869499300; 7005821191; 55037300900","Modelling of food security in Malaysia","2014","Simulation Modelling Practice and Theory","47","","","152","164","44","10.1016/j.simpat.2014.06.001","https://www.scopus.com/inward/record.uri?eid=2-s2.0-84903943868&doi=10.1016%2Fj.simpat.2014.06.001&partnerID=40&md5=88d614cfad1340b3f05d109fd47ac784","Article","Final","","Scopus","2-s2.0-84903943868"
"Mingorría, S.; Gamboa, G.; Martín-López, B.; Corbera, E.","Mingorría, S. (36473712500); Gamboa, Gonzalo (15131615700); Martín-López, Berta (23028283000); Corbera, Esteve (6504679561)","36473712500; 15131615700; 23028283000; 6504679561","The oil palm boom: Socio-economic implications for Q'eqchi' households in the Polochic valley, Guatemala","2014","Environment, Development and Sustainability","16","4","","841","871","62","10.1007/s10668-014-9530-0","https://www.scopus.com/inward/record.uri?eid=2-s2.0-84903556404&doi=10.1007%2Fs10668-014-9530-0&partnerID=40&md5=2445bb33317b3d22c91296075c7bba09","Article","Final","","Scopus","2-s2.0-84903556404"
"Isakson, S.R.","Isakson, S. Ryan (22985526700)","22985526700","Maize diversity and the political economy of agrarian restructuring in Guatemala","2014","Journal of Agrarian Change","14","3","","347","379","41","10.1111/joac.12023","https://www.scopus.com/inward/record.uri?eid=2-s2.0-84902362497&doi=10.1111%2Fjoac.12023&partnerID=40&md5=f8a1f539935214a91e3718f947811087","Article","Final","","Scopus","2-s2.0-84902362497"
"Suryani, E.; Hendrawan, R.A.; Mulyono, T.; Dewi, L.P.","Suryani, Erma (35073142900); Hendrawan, Rully Agus (56166188900); Mulyono, Totok (56166557500); Dewi, Lily Puspa (55932951000)","35073142900; 56166188900; 56166557500; 55932951000","System dynamics model to support rice production and distribution for food security","2014","Jurnal Teknologi (Sciences and Engineering)","68","3","","45","51","13","10.11113/jt.v68.2928","https://www.scopus.com/inward/record.uri?eid=2-s2.0-84900843615&doi=10.11113%2Fjt.v68.2928&partnerID=40&md5=7d98894625152e26f60c540bba3b759e","Article","Final","All Open Access; Gold Open Access","Scopus","2-s2.0-84900843615"
"Wu, F.; Güçlü, H.","Wu, Felicia (55700782200); Güçlü, Hasan (8067782700)","55700782200; 8067782700","Global Maize Trade and Food Security: Implications from a Social Network Model","2013","Risk Analysis","33","12","","2168","2178","96","10.1111/risa.12064","https://www.scopus.com/inward/record.uri?eid=2-s2.0-84889097559&doi=10.1111%2Frisa.12064&partnerID=40&md5=439004c4a53f70972e724411a81d92da","Article","Final","All Open Access; Green Accepted Open Access; Green Open Access","Scopus","2-s2.0-84889097559"
"Ranjhan, S.K.","Ranjhan, Surendra Kumar (6602629147)","6602629147","Latest concepts in rearing buffaloes for meat production","2013","Buffalo Bulletin","32","SPEC. ISSUE 1","","319","328","5","","https://www.scopus.com/inward/record.uri?eid=2-s2.0-84888191048&partnerID=40&md5=af809bdd28083fff1e98c027f0d155bc","Article","Final","","Scopus","2-s2.0-84888191048"
"Freedman, A.","Freedman, Amy L. (35859172700)","35859172700","Rice security in Southeast Asia: Beggar thy neighbor or cooperation?","2013","Pacific Review","26","5","","433","454","10","10.1080/09512748.2013.842303","https://www.scopus.com/inward/record.uri?eid=2-s2.0-84890429854&doi=10.1080%2F09512748.2013.842303&partnerID=40&md5=e0af63bc5c181b8e974cb08c4f9d04ad","Article","Final","","Scopus","2-s2.0-84890429854"
"Lunduka, R.; Ricker-Gilbert, J.; Fisher, M.","Lunduka, Rodney Witman (55178526500); Ricker-Gilbert, Jacob E. (24333305100); Fisher, Monica G. (7403500753)","55178526500; 24333305100; 7403500753","What are the farm-level impacts of Malawi's farm input subsidy program? A critical review","2013","Agricultural Economics (United Kingdom)","44","6","","563","579","109","10.1111/agec.12074","https://www.scopus.com/inward/record.uri?eid=2-s2.0-84888198595&doi=10.1111%2Fagec.12074&partnerID=40&md5=07af1a3adbcb846b75bf47a4ae539db0","Article","Final","","Scopus","2-s2.0-84888198595"
"Ahmed, N.; Flaherty, M.S.","Ahmed, Nesar (24331025700); Flaherty, Mark S. (7101854157)","24331025700; 7101854157","Opportunities and challenges for the development of prawn farming with fish and rice in southeast Bangladesh: Potential for food security and economic growth","2013","Food Security","5","5","","637","649","14","10.1007/s12571-013-0285-5","https://www.scopus.com/inward/record.uri?eid=2-s2.0-84886693028&doi=10.1007%2Fs12571-013-0285-5&partnerID=40&md5=f70727f2417734c3ab504fd8dc9102dc","Article","Final","","Scopus","2-s2.0-84886693028"
"Boyer, J.S.; Byrne, P.; Cassman, K.G.; Cooper, M.; Delmer, D.; Greene, T.; Gruis, F.; Habben, J.; Hausmann, N.; Kenny, N.; Lafitte, R.; Paszkiewicz, S.; Porter, D.; Schlegel, A.; Schussler, J.; Setter, T.; Shanahan, J.F.; Sharp, R.E.; Vyn, T.J.; Warner, D.; Gaffney, J.","Boyer, John S. (7402540006); Byrne, P. F. (7201919257); Cassman, Kenneth G. (7003725994); Cooper, Mark (16404595700); Delmer, Deborah P.D. (7003864185); Greene, T. (59862279800); Gruis, F. (57211249310); Habben, Jeffrey E. (6602426061); Hausmann, Neil J. (8763160900); Kenny, N. (57211249721); Lafitte, H. Renee (6603788060); Paszkiewicz, Steve R. (6504083405); Porter, Dana O. (24598269800); Schlegel, Alan J. (7006453350); Schussler, Jeffrey R. (7004632617); Setter, Tim L. (57205008620); Shanahan, John F. (7006499036); Sharp, Robert E. (7201356665); Vyn, Tony John (7003307490); Warner, David (57225836287); Gaffney, Jim (55844882000)","7402540006; 7201919257; 7003725994; 16404595700; 7003864185; 59862279800; 57211249310; 6602426061; 8763160900; 57211249721; 6603788060; 6504083405; 24598269800; 7006453350; 7004632617; 57205008620; 7006499036; 7201356665; 7003307490; 57225836287; 55844882000","The U.S. drought of 2012 in perspective: A call to action","2013","Global Food Security","2","3","","139","143","223","10.1016/j.gfs.2013.08.002","https://www.scopus.com/inward/record.uri?eid=2-s2.0-84884208148&doi=10.1016%2Fj.gfs.2013.08.002&partnerID=40&md5=2b2d997e1fbf235d3e0db7356e86362e","Review","Final","","Scopus","2-s2.0-84884208148"
"Demont, M.","Demont, Matty (35291924500)","35291924500","Reversing urban bias in African rice markets: A review of 19 national rice development strategies","2013","Global Food Security","2","3","","172","181","86","10.1016/j.gfs.2013.07.001","https://www.scopus.com/inward/record.uri?eid=2-s2.0-84884207364&doi=10.1016%2Fj.gfs.2013.07.001&partnerID=40&md5=df4013b1bd35273ce8421a41b636554c","Review","Final","","Scopus","2-s2.0-84884207364"
"Cohen, M.J.","Cohen, Marc J. (7405990030)","7405990030","Diri Nasyonal ou Diri Miami? Food, agriculture and US-Haiti relations","2013","Food Security","5","4","","597","606","15","10.1007/s12571-013-0283-7","https://www.scopus.com/inward/record.uri?eid=2-s2.0-84889050981&doi=10.1007%2Fs12571-013-0283-7&partnerID=40&md5=551cef2ba70d019e50aeab51ebb18c51","Article","Final","","Scopus","2-s2.0-84889050981"
"da Costa, M.d.J.; Lopes, M.; Ximenes, A.; Ferreira, A.d.R.; Spyckerelle, L.; Williams, R.; Nesbitt, H.; Erskine, W.","da Costa, Marcelino De Jesus (55584333700); Lopes, Modesto (55584542500); Ximenes, Anita (55584487700); Ferreira, Adelfredo Do Rosario (59579702400); Spyckerelle, Luc (16043732300); Williams, Robert L. (55495841800); Nesbitt, Harry John (34873148800); Erskine, William (57207534853)","55584333700; 55584542500; 55584487700; 59579702400; 16043732300; 55495841800; 34873148800; 57207534853","Household food insecurity in Timor-Leste","2013","Food Security","5","1","","83","94","38","10.1007/s12571-012-0228-6","https://www.scopus.com/inward/record.uri?eid=2-s2.0-84873507082&doi=10.1007%2Fs12571-012-0228-6&partnerID=40&md5=721fe65355e98e135a47b662056e7721","Article","Final","","Scopus","2-s2.0-84873507082"
"Diagne, M.; Demont, M.; Seck, P.A.; Diaw, A.","Diagne, Mandiaye (26655509500); Demont, Matty (35291924500); Seck, Papa Abdoulaye (55931907200); Diaw, Adama (55583737000)","26655509500; 35291924500; 55931907200; 55583737000","Self-sufficiency policy and irrigated rice productivity in the Senegal River Valley","2013","Food Security","5","1","","55","68","52","10.1007/s12571-012-0229-5","https://www.scopus.com/inward/record.uri?eid=2-s2.0-84873498718&doi=10.1007%2Fs12571-012-0229-5&partnerID=40&md5=c361682b2d75dc960d50271004020ff5","Article","Final","","Scopus","2-s2.0-84873498718"
"Götz, L.; Glauben, T.; Brümmer, B.","Götz, Linde (37066033600); Glauben, Thomas (57203537824); Brümmer, Bernhard (7003848717)","37066033600; 57203537824; 7003848717","Wheat export restrictions and domestic market effects in Russia and Ukraine during the food crisis","2013","Food Policy","38","1","","214","226","93","10.1016/j.foodpol.2012.12.001","https://www.scopus.com/inward/record.uri?eid=2-s2.0-84872389027&doi=10.1016%2Fj.foodpol.2012.12.001&partnerID=40&md5=226216c04ffa76ed84e5551b3748f737","Article","Final","","Scopus","2-s2.0-84872389027"
"Qureshi, M.; Hanjra, M.A.; Ward, J.","Qureshi, Muhammad Ejaz (7202874879); Hanjra, Munir A. (23090765200); Ward, John R. (57206586633)","7202874879; 23090765200; 57206586633","Impact of water scarcity in Australia on global food security in an era of climate change","2013","Food Policy","38","1","","136","145","102","10.1016/j.foodpol.2012.11.003","https://www.scopus.com/inward/record.uri?eid=2-s2.0-84871483137&doi=10.1016%2Fj.foodpol.2012.11.003&partnerID=40&md5=ffa2d61df747063c353b22cc67df1481","Article","Final","","Scopus","2-s2.0-84871483137"
"Rutten, M.; Shutes, L.; Meijerink, G.","Rutten, Martine M. (36817646900); Shutes, Lindsay (55443602600); Meijerink, Gerdien W. (6506410968)","36817646900; 55443602600; 6506410968","Sit down at the ball game: How trade barriers make the world less food secure","2013","Food Policy","38","1","","1","10","64","10.1016/j.foodpol.2012.09.002","https://www.scopus.com/inward/record.uri?eid=2-s2.0-84868252936&doi=10.1016%2Fj.foodpol.2012.09.002&partnerID=40&md5=c2964f7d33207ed60b113b858e5fb22d","Article","Final","All Open Access; Green Accepted Open Access; Green Final Open Access; Green Open Access","Scopus","2-s2.0-84868252936"
"Siddig, K.H.A.; Mubarak, A.M.","Siddig, Khalid Hassan Ali (55367700500); Mubarak, Amel Mustafa (54398914400)","55367700500; 54398914400","Food self-sufficiency versus foreign currency earnings in the Sudanese irrigated agriculture","2013","Journal of the Saudi Society of Agricultural Sciences","12","1","","19","25","2","10.1016/j.jssas.2012.05.001","https://www.scopus.com/inward/record.uri?eid=2-s2.0-85020258615&doi=10.1016%2Fj.jssas.2012.05.001&partnerID=40&md5=e8b994424710e3ee18c29f96353cecc7","Article","Final","All Open Access; Green Accepted Open Access; Green Open Access; Hybrid Gold Open Access","Scopus","2-s2.0-85020258615"
"Chen, C.F.; Phuong, L.T.; Son, N.T.; Lau, V.-K.; Chen, C.R.","Chen, Chi Farn (7501959001); Phuong, Le Thi (56237000800); Son, Nguyenthanh (36718754900); Lau, Va Khin (56237184400); Chen, Cheng Cru (53663285500)","7501959001; 56237000800; 36718754900; 56237184400; 53663285500","Forecasting rice crop yields with time-series MODIS EVI data: A case study from Mekong delta, Vietnam","2013","34th Asian Conference on Remote Sensing 2013, ACRS 2013","3","","","2691","2696","0","","https://www.scopus.com/inward/record.uri?eid=2-s2.0-84903459524&partnerID=40&md5=ec8b8e805c582d003ed26d055e77001f","Conference paper","Final","","Scopus","2-s2.0-84903459524"
"Sneyd, L.Q.","Sneyd, Lauren Q. (55949286100)","55949286100","Wild food, prices, diets and development: Sustainability and food security in Urban cameroon","2013","Sustainability (Switzerland)","5","11","","4728","4759","52","10.3390/su5114728","https://www.scopus.com/inward/record.uri?eid=2-s2.0-84894095120&doi=10.3390%2Fsu5114728&partnerID=40&md5=0702a1227a1af1528d5937c9fd833088","Article","Final","All Open Access; Gold Open Access; Green Accepted Open Access; Green Open Access","Scopus","2-s2.0-84894095120"
"Katic, P.G.; Namara, R.E.; Hope, L.; Owusu, E.; Fujii, H.","Katic, Pamela Giselle (49663586200); Namara, Regassa Ensermu (16234237500); Hope, Lesley (55850695900); Owusu, Eric Sarpong (54179625200); Fujii, Hideto (58344498200)","49663586200; 16234237500; 55850695900; 54179625200; 58344498200","Rice and irrigation in West Africa: Achieving food security with agricultural water management strategies","2013","Water Resources and Economics","1","","","75","92","33","10.1016/j.wre.2013.03.001","https://www.scopus.com/inward/record.uri?eid=2-s2.0-84883745618&doi=10.1016%2Fj.wre.2013.03.001&partnerID=40&md5=6fb78751baf75f9198d6db34ce21ecc5","Article","Final","","Scopus","2-s2.0-84883745618"
"Siwar, C.; Ahmed, F.; Begum, R.A.","Siwar, Chamhuri Bin (6506959872); Ahmed, Ferdoushi (37114081300); Begum, Rawshan Ara (14007780000)","6506959872; 37114081300; 14007780000","Climate change, agriculture and food security issues: Malaysian perspective","2013","Journal of Food, Agriculture and Environment","11","2","","1118","1123","23","","https://www.scopus.com/inward/record.uri?eid=2-s2.0-84880307278&partnerID=40&md5=3aa4e1a0665f8adcf4741202f66b52d2","Article","Final","","Scopus","2-s2.0-84880307278"
"Lawrence, G.; Richards, C.; Lyons, K.","Lawrence, Geoffrey A. (7202287787); Richards, Carol Ann (23010265200); Lyons, Kristen (55204083900)","7202287787; 23010265200; 55204083900","Food security in Australia in an era of neoliberalism, productivism and climate change","2013","Journal of Rural Studies","29","","","30","39","163","10.1016/j.jrurstud.2011.12.005","https://www.scopus.com/inward/record.uri?eid=2-s2.0-84873274342&doi=10.1016%2Fj.jrurstud.2011.12.005&partnerID=40&md5=90b8bbc7059388d3f58a874eec3d2c14","Article","Final","","Scopus","2-s2.0-84873274342"
"Sassi, M.","Sassi, Maria (29867556800)","29867556800","Short-term determinants of malnutrition among children in Malawi","2012","Food Security","4","4","","593","606","21","10.1007/s12571-012-0221-0","https://www.scopus.com/inward/record.uri?eid=2-s2.0-84876013078&doi=10.1007%2Fs12571-012-0221-0&partnerID=40&md5=2fd4c9df9525672e58e69a746e6c03ab","Article","Final","","Scopus","2-s2.0-84876013078"
"Gilbert, C.L.","Gilbert, Christopher L. (7201382608)","7201382608","International agreements to manage food price volatility","2012","Global Food Security","1","2","","134","142","16","10.1016/j.gfs.2012.10.001","https://www.scopus.com/inward/record.uri?eid=2-s2.0-84872274217&doi=10.1016%2Fj.gfs.2012.10.001&partnerID=40&md5=d506d89a797e5442e099c7667bc9a266","Review","Final","","Scopus","2-s2.0-84872274217"
"Wu, F.; Zhang, D.; Zhang, J.","Wu, Fangwei (24175463600); Zhang, Deyuan (55083387600); Zhang, Jinghua (37065655900)","24175463600; 55083387600; 37065655900","Will the development of bioenergy in China create a food security problem? Modeling with fuel ethanol as an example","2012","Renewable Energy","47","","","127","134","14","10.1016/j.renene.2012.03.039","https://www.scopus.com/inward/record.uri?eid=2-s2.0-84860786505&doi=10.1016%2Fj.renene.2012.03.039&partnerID=40&md5=dce92556a02b727ae57d95413dea154f","Article","Final","","Scopus","2-s2.0-84860786505"
"Zolin, M.B.; Andréosso-O’Callaghan, B.","Zolin, Maria Bruna (23394441500); Andréosso-O’Callaghan, Bernadette (6603154687)","23394441500; 6603154687","Rice price volatility: Sustainable policies in Asia and Europe","2012","Asian Business and Management","11","3","","251","271","2","10.1057/abm.2012.10","https://www.scopus.com/inward/record.uri?eid=2-s2.0-84863084663&doi=10.1057%2Fabm.2012.10&partnerID=40&md5=da56adaa83e985d70a7e92d564dc43e1","Review","Final","","Scopus","2-s2.0-84863084663"
"Demont, M.; Rizzotto, A.C.","Demont, Matty (35291924500); Rizzotto, Amy C. (55249574000)","35291924500; 55249574000","Policy Sequencing and the Development of Rice Value Chains in Senegal","2012","Development Policy Review","30","4","","451","472","34","10.1111/j.1467-7679.2012.00584.x","https://www.scopus.com/inward/record.uri?eid=2-s2.0-84862234894&doi=10.1111%2Fj.1467-7679.2012.00584.x&partnerID=40&md5=630c064700d2e9c174e34b428c99fc5a","Article","Final","","Scopus","2-s2.0-84862234894"
"Yoo, S.-H.; Kim, T.; Im, J.-B.; Choi, J.-Y.","Yoo, Seung-hwan (16680241000); Kim, Taegon (55696493200); Im, Jeong-bin (37064817400); Choi, Jinyong Young (57199098542)","16680241000; 55696493200; 37064817400; 57199098542","Estimation of the international virtual water flow of grain crop products in Korea","2012","Paddy and Water Environment","10","2","","83","93","13","10.1007/s10333-011-0267-1","https://www.scopus.com/inward/record.uri?eid=2-s2.0-84862116543&doi=10.1007%2Fs10333-011-0267-1&partnerID=40&md5=dd7e26df17878ef5d933f6e80a7d6a09","Article","Final","","Scopus","2-s2.0-84862116543"
"Baig, M.B.; Shayaa Al-Shay, M.; Straquadine, G.S.","Baig, Mirza B. (24467428400); Shayaa Al-Shay, M. (55227330100); Straquadine, Gary S. (54941369200)","24467428400; 55227330100; 54941369200","Agricultural extension in the kingdom of Saudi Arabia: Difficult present and demanding future","2012","Journal of Animal and Plant Sciences","22","1","","239","246","50","","https://www.scopus.com/inward/record.uri?eid=2-s2.0-84861450992&partnerID=40&md5=e7bd771825966d98aa957812df38ef8c","Article","Final","","Scopus","2-s2.0-84861450992"
"El-Sharif, L.M.; El-Eshmawiy, K.H.; El-Ghareeb, N.A.A.; Mohamed, K.A.","El-Sharif, Laila Mostafa (55428623900); El-Eshmawiy, Khairy Hamed (55330453000); El-Ghareeb, Nadia Abd Alla (55330767600); Mohamed, Karima Awad (57190854690)","55428623900; 55330453000; 55330767600; 57190854690","An analytical economic study of the corn crop at the world level","2012","Australian Journal of Basic and Applied Sciences","6","3","","734","740","0","","https://www.scopus.com/inward/record.uri?eid=2-s2.0-84864772290&partnerID=40&md5=e0b090ccf3be6d12ad9579ae1bd62229","Article","Final","","Scopus","2-s2.0-84864772290"
"Sawaan, H.K.","Sawaan, Haithem Kareem (55005986900)","55005986900","The corruption of political elites in Iraq - an economic analysis","2012","Contemporary Arab Affairs","5","1","","107","127","9","10.1080/17550912.2012.649586","https://www.scopus.com/inward/record.uri?eid=2-s2.0-84857223540&doi=10.1080%2F17550912.2012.649586&partnerID=40&md5=834cca6fb97369f9328c01401267f916","Article","Final","","Scopus","2-s2.0-84857223540"
"Das, A.; Ghosh, P.K.","Das, Anup (35505018200); Ghosh, Probir Kumar (57212696924)","35505018200; 57212696924","Role of legumes in sustainable agriculture and food security: An indian perspective","2012","Outlook on Agriculture","41","4","","279","284","28","10.5367/oa.2012.0109","https://www.scopus.com/inward/record.uri?eid=2-s2.0-84873192189&doi=10.5367%2Foa.2012.0109&partnerID=40&md5=f24d926dafb3b5790750889e6435d66b","Article","Final","","Scopus","2-s2.0-84873192189"
"Jacques, P.J.; Jacques, J.R.","Jacques, Peter J. (11939927800); Jacques, Jessica Racine (55558071300)","11939927800; 55558071300","Monocropping Cultures into ruin: The loss of food varieties and cultural diversity","2012","Sustainability","4","11","","2970","2997","73","10.3390/su4112970","https://www.scopus.com/inward/record.uri?eid=2-s2.0-84872425846&doi=10.3390%2Fsu4112970&partnerID=40&md5=d676281c80d83b33491cfc62706cc82f","Article","Final","All Open Access; Gold Open Access; Green Accepted Open Access; Green Open Access","Scopus","2-s2.0-84872425846"
"Lewis, K.; Witham, C.","Lewis, Kirsty H. (55521728200); Witham, Claire S. (57204987677)","55521728200; 57204987677","Agricultural commodities and climate change","2012","Climate Policy","12","SUPPL. 1","","S53","S61","29","10.1080/14693062.2012.728790","https://www.scopus.com/inward/record.uri?eid=2-s2.0-84871004246&doi=10.1080%2F14693062.2012.728790&partnerID=40&md5=b059354e7a5b04a9bde0eaa618c61273","Article","Final","","Scopus","2-s2.0-84871004246"
"Kogan, F.; Salazar, L.; Roytman, L.","Kogan, Felix N. (57204342554); Salazar, Luis (57196637254); Roytman, Leonid M. (7003482800)","57204342554; 57196637254; 7003482800","Forecasting crop production using satellite-based vegetation health indices in Kansas, USA","2012","International Journal of Remote Sensing","33","9","","2798","2814","137","10.1080/01431161.2011.621464","https://www.scopus.com/inward/record.uri?eid=2-s2.0-84857973744&doi=10.1080%2F01431161.2011.621464&partnerID=40&md5=73ddc35151924fffdf728280b845d35a","Article","Final","","Scopus","2-s2.0-84857973744"
"Schüttel, C.; Kleinwechter, U.; Ihle, R.; Grethe, H.","Schüttel, Carsten (55323977800); Kleinwechter, Ulrich (55260612000); Ihle, Rico (36166946500); Grethe, Harald (16039391100)","55323977800; 55260612000; 36166946500; 16039391100","Domestic policy responses to the food price crisis: The case of Bolivia","2011","Journal of Agriculture and Rural Development in the Tropics and Subtropics","112","2","","125","139","7","","https://www.scopus.com/inward/record.uri?eid=2-s2.0-84864408102&partnerID=40&md5=a49a2425d0151c12ce97519bb5848a85","Article","Final","","Scopus","2-s2.0-84864408102"
"You, L.; Spoor, M.; Ulimwengu, J.; Zhang, S.","You, Liangzhi (9743314500); Spoor, Max (6701616413); Ulimwengu, John M. (6507623871); Zhang, Shemei (54407859100)","9743314500; 6701616413; 6507623871; 54407859100","Land use change and environmental stress of wheat, rice and corn production in China","2011","China Economic Review","22","4","","461","473","62","10.1016/j.chieco.2010.12.001","https://www.scopus.com/inward/record.uri?eid=2-s2.0-82155181900&doi=10.1016%2Fj.chieco.2010.12.001&partnerID=40&md5=e343578bb01178f26cb5de28601c10d3","Article","Final","","Scopus","2-s2.0-82155181900"
"Othman, A.Z.; El-Agroudy, N.M.; El Din Hassan, M.B.; Solieman, N.Y.","Othman, Afaf Zaki Ali (35751153100); El-Agroudy, Nagwa Mosaad (54789570700); El Din Hassan, Monia Bahaa (54789587500); Solieman, Nayera Y. (55428507800)","35751153100; 54789570700; 54789587500; 55428507800","Current situation and outlook for Egyptian rice economics","2011","Australian Journal of Basic and Applied Sciences","5","11","","1934","1941","2","","https://www.scopus.com/inward/record.uri?eid=2-s2.0-84155184555&partnerID=40&md5=86e99737b6841b63eb6c4d791ab0f10f","Article","Final","","Scopus","2-s2.0-84155184555"
"Yu, T.-H.; Tokgoz, S.; Wailes, E.J.; Chavez, E.","Yu, T. Edward (55900799000); Tokgoz, Simla (16065079800); Wailes, Eric J. (6603016535); Chavez, Eddie C. (43961064800)","55900799000; 16065079800; 6603016535; 43961064800","A quantitative analysis of trade policy responses to higher world agricultural commodity prices","2011","Food Policy","36","5","","545","561","24","10.1016/j.foodpol.2011.07.001","https://www.scopus.com/inward/record.uri?eid=2-s2.0-80051882626&doi=10.1016%2Fj.foodpol.2011.07.001&partnerID=40&md5=ecab97d4add659b9493b8fed69bd3e78","Article","Final","","Scopus","2-s2.0-80051882626"
"García-Salazar, J.A.; Skaggs, R.; Crawford, T.L.","García-Salazar, José Alberto (13404978900); Skaggs, Rhonda K. (7101743777); Crawford, Terry L. (36893758900)","13404978900; 7101743777; 36893758900","PROCAMPO, the Mexican corn market, and Mexican food security","2011","Food Security","3","3","","383","394","12","10.1007/s12571-011-0138-z","https://www.scopus.com/inward/record.uri?eid=2-s2.0-80052094234&doi=10.1007%2Fs12571-011-0138-z&partnerID=40&md5=7816c8cc6a74bc8ae9fe36d2b23083db","Article","Final","","Scopus","2-s2.0-80052094234"
"Lu, L.; Shanshan, M.; Wailes, E.J.","Lu, Qian (56420467700); Shanshan, Miao (57198421561); Wailes, Eric J. (6603016535)","56420467700; 57198421561; 6603016535","China's rice supply and trade: Constraints and potential","2011","2011 International Conference on E-Business and E-Government, ICEE2011 - Proceedings","","","5882106","3096","3099","1","10.1109/ICEBEG.2011.5882106","https://www.scopus.com/inward/record.uri?eid=2-s2.0-79960411580&doi=10.1109%2FICEBEG.2011.5882106&partnerID=40&md5=51e4d866bf59fabfd6505b318ac9b8dd","Conference paper","Final","","Scopus","2-s2.0-79960411580"
"Wang, A.","Wang, Audrey (23487338200)","23487338200","The road to food security","2011","Taiwan Review","61","7","","36","41","0","","https://www.scopus.com/inward/record.uri?eid=2-s2.0-79960218025&partnerID=40&md5=d65b403f455acc7bf8727c635636ccc0","Article","Final","","Scopus","2-s2.0-79960218025"
"Akramov, K.T.","Akramov, Kamiljon T. (51663229400)","51663229400","International food prices, agricultural transformation, and food security in Central Asia; Prix internationaux des produits alimentaires, transformation agricole et sécurité alimentaire en Asie centrale","2011","Development in Practice","21","4-5","","741","754","11","10.1080/09614524.2011.562283","https://www.scopus.com/inward/record.uri?eid=2-s2.0-80053198165&doi=10.1080%2F09614524.2011.562283&partnerID=40&md5=7f545e623160313f727c3f6e746bb867","Article","Final","","Scopus","2-s2.0-80053198165"
"Tanaka, T.; Hosoe, N.","Tanaka, Tetsuji (59784004400); Hosoe, Nobuhiro (55936781200)","59784004400; 55936781200","Does agricultural trade liberalization increase risks of supply-side uncertainty?: Effects of productivity shocks and export restrictions on welfare and food supply in Japan","2011","Food Policy","36","3","","368","377","47","10.1016/j.foodpol.2011.01.002","https://www.scopus.com/inward/record.uri?eid=2-s2.0-79955464063&doi=10.1016%2Fj.foodpol.2011.01.002&partnerID=40&md5=beece93a0af5e89ca05e3a8e59a0d61a","Article","Final","","Scopus","2-s2.0-79955464063"
"Kienzler, K.M.; Rudenko, I.; Ruzimov, J.; Ibragimov, N.; Lamers, J.P.A.","Kienzler, Kirsten Maren (22985067700); Rudenko, Inna (24464665400); Ruzimov, Jumanazar (35488658200); Ibragimov, Nazirbay (22985351000); Lamers, John P.A. (7005714365)","22985067700; 24464665400; 35488658200; 22985351000; 7005714365","Winter wheat quantity or quality? Assessing food security in Uzbekistan","2011","Food Security","3","1","","53","64","15","10.1007/s12571-010-0109-9","https://www.scopus.com/inward/record.uri?eid=2-s2.0-79952359825&doi=10.1007%2Fs12571-010-0109-9&partnerID=40&md5=314054b6098f5f73014b61bd02afa9ec","Article","Final","","Scopus","2-s2.0-79952359825"
"Xia, Z.; Feng, F.; Peng, L.; Yanzhao, Y.","Xia, Zhao (57194895962); Feng, Zhiming (35172754100); Peng, Li (57194891286); Yanzhao, Yang (57192751953)","57194895962; 35172754100; 57194891286; 57192751953","Share-shift analysis of geo-economic pattern on global cereal crops in recent 50 years","2011","Chinese Journal of Population Resources and Environment","9","1","","71","77","2","10.1080/10042857.2011.10685021","https://www.scopus.com/inward/record.uri?eid=2-s2.0-85024086178&doi=10.1080%2F10042857.2011.10685021&partnerID=40&md5=926ce7dad79df5b0fb5f43bf1dfea574","Article","Final","","Scopus","2-s2.0-85024086178"
"Quan-Baffour, K.P.","Quan-Baffour, Kofi Poku (55570453100)","55570453100","Singing to farmers: Non-formal adult education through folksongs for food production in rural Ghana","2011","Muziki","8","1","","34","46","3","10.1080/18125980.2011.576454","https://www.scopus.com/inward/record.uri?eid=2-s2.0-85016348236&doi=10.1080%2F18125980.2011.576454&partnerID=40&md5=8dde6725098c1c9bfcdf8be68dca8e9e","Article","Final","","Scopus","2-s2.0-85016348236"
"Tey, Y.S.; Radam, A.","Tey, Yeong Sheng (26026139600); Radam, Alias (6504384717)","26026139600; 6504384717","Demand patterns of rice imports in Malaysia: Implications for food security","2011","Food Security","3","2","","253","261","7","10.1007/s12571-011-0128-1","https://www.scopus.com/inward/record.uri?eid=2-s2.0-84884743076&doi=10.1007%2Fs12571-011-0128-1&partnerID=40&md5=5624bd96355ce2ff602bc86278560684","Article","Final","","Scopus","2-s2.0-84884743076"
"Aheto, D.W.; Reuter, H.; Breckling, B.","Aheto, Denis Worlanyo (8610104900); Reuter, Hauke (7203074025); Breckling, Broder (6602833121)","8610104900; 7203074025; 6602833121","A modeling assessment of geneflow in smallholder agriculture in West Africa","2011","Environmental Sciences Europe","23","1","9","","","2","10.1186/2190-4715-23-9","https://www.scopus.com/inward/record.uri?eid=2-s2.0-79958218674&doi=10.1186%2F2190-4715-23-9&partnerID=40&md5=3269fb2ffc6526061e9a3cd50e26d45d","Article","Final","All Open Access; Gold Open Access; Green Accepted Open Access; Green Open Access","Scopus","2-s2.0-79958218674"
"Falvey, L.","Falvey, Lindsay (56016703500)","56016703500","Lessons in food security","2011","Asian Agri-History","15","1","","59","71","1","","https://www.scopus.com/inward/record.uri?eid=2-s2.0-78751662712&partnerID=40&md5=59438ee5f2c044f0c1712186591bec6d","Article","Final","","Scopus","2-s2.0-78751662712"
"Anderson, K.","Anderson, Kym (7404580242)","7404580242","Economic impacts of policies affecting crop biotechnology and trade","2010","New Biotechnology","27","5","","558","564","25","10.1016/j.nbt.2010.05.012","https://www.scopus.com/inward/record.uri?eid=2-s2.0-78649513904&doi=10.1016%2Fj.nbt.2010.05.012&partnerID=40&md5=8bfe22bbf82b29df62822c0030fc4e49","Review","Final","","Scopus","2-s2.0-78649513904"
"Zhang, Z.; Duan, Z.; Chen, Z.; Xu, P.; Li, G.","Zhang, Zhengbin (36142512100); Duan, Ziyuan (9249050300); Chen, Zhaobo (55705747100); Xu, Ping (59865150000); Li, Guoqiang (57211596358)","36142512100; 9249050300; 55705747100; 59865150000; 57211596358","Food security of China: The past, present and future","2010","Plant OMICS","3","6","","183","189","18","","https://www.scopus.com/inward/record.uri?eid=2-s2.0-79957817057&partnerID=40&md5=e45fadcd5186635539fad992682ef54b","Article","Final","","Scopus","2-s2.0-79957817057"
"Seck, P.A.; Tollens, E.; Wöpereis, M.C.S.; Diagne, A.; Bamba, I.","Seck, Papa Abdoulaye (55931907200); Tollens, Éric F. (6602973652); Wöpereis, Marco C.S. (7004110300); Diagne, Aliou (23033886300); Bamba, Ibrahim Foungotin (36093966500)","55931907200; 6602973652; 7004110300; 23033886300; 36093966500","Rising trends and variability of rice prices: Threats and opportunities for sub-Saharan Africa","2010","Food Policy","35","5","","403","411","115","10.1016/j.foodpol.2010.05.003","https://www.scopus.com/inward/record.uri?eid=2-s2.0-77956189275&doi=10.1016%2Fj.foodpol.2010.05.003&partnerID=40&md5=23f6f17538fa59e93ab245c3489844e1","Article","Final","","Scopus","2-s2.0-77956189275"
"Tey, Y.S.","Tey, Yeong Sheng (26026139600)","26026139600","Malaysia's strategic food security approach","2010","International Food Research Journal","17","3","","501","507","20","","https://www.scopus.com/inward/record.uri?eid=2-s2.0-77956639884&partnerID=40&md5=37231f6ac1b67ec00e102ab2faaf7a97","Review","Final","","Scopus","2-s2.0-77956639884"
"Sanogo, I.; Maliki Amadou, M.","Sanogo, Issa (35519927100); Maliki Amadou, Mahamane (35799933400)","35519927100; 35799933400","Rice market integration and food security in Nepal: The role of cross-border trade with India","2010","Food Policy","35","4","","312","322","39","10.1016/j.foodpol.2010.03.002","https://www.scopus.com/inward/record.uri?eid=2-s2.0-77953540173&doi=10.1016%2Fj.foodpol.2010.03.002&partnerID=40&md5=ebd17a290a44ce2bbfca8b5df12318b4","Article","Final","","Scopus","2-s2.0-77953540173"
"Martínez Aldaya, M.M.; Allan, J.A.; Hoekstra, A.Y.","Martínez Aldaya, Maite Martínez (35316963700); Allan, John Anthony Tony (16418298800); Hoekstra, Arjen Y. (7007050344)","35316963700; 16418298800; 7007050344","Strategic importance of green water in international crop trade","2010","Ecological Economics","69","4","","887","894","202","10.1016/j.ecolecon.2009.11.001","https://www.scopus.com/inward/record.uri?eid=2-s2.0-74549184194&doi=10.1016%2Fj.ecolecon.2009.11.001&partnerID=40&md5=0cd52ad6b05aa72fb343734faebc9d16","Article","Final","All Open Access; Hybrid Gold Open Access","Scopus","2-s2.0-74549184194"
"El-Sadek, A.","El-Sadek, Alaa A. (55902035900)","55902035900","Virtual Water Trade as a Solution for Water Scarcity in Egypt","2010","Water Resources Management","24","11","","2437","2448","53","10.1007/s11269-009-9560-9","https://www.scopus.com/inward/record.uri?eid=2-s2.0-77955770219&doi=10.1007%2Fs11269-009-9560-9&partnerID=40&md5=6dfbefa8b23aaa08922b81b692d3d14a","Article","Final","","Scopus","2-s2.0-77955770219"
"El-Sadek, A.","El-Sadek, Alaa A. (55902035900)","55902035900","Virtual water trade as a solution for water scarcity in Egypt","2009","Water and Urban Development Paradigms: Towards an Integration of Engineering, Design and Management Approaches - Proceedings of the International Urban Water Conference","","","","655","662","0","","https://www.scopus.com/inward/record.uri?eid=2-s2.0-79952301872&partnerID=40&md5=837fb0a8a0b2d4a09ba9ef1540f23a6f","Conference paper","Final","","Scopus","2-s2.0-79952301872"
"Mainuddin, M.; Kirby, M.","Mainuddin, Mohammed (6506816209); Kirby, Mac (22734435800)","6506816209; 22734435800","Spatial and temporal trends of water productivity in the lower Mekong River Basin","2009","Agricultural Water Management","96","11","","1567","1578","30","10.1016/j.agwat.2009.06.013","https://www.scopus.com/inward/record.uri?eid=2-s2.0-68449094207&doi=10.1016%2Fj.agwat.2009.06.013&partnerID=40&md5=f2e2eef96598184afeb324b20f7dcb06","Article","Final","","Scopus","2-s2.0-68449094207"
"Dorosh, P.A.; Dradri, S.; Haggblade, S.","Dorosh, Paul A. (6603810543); Dradri, Simon (26424642200); Haggblade, Steven J. (6603234885)","6603810543; 26424642200; 6603234885","Regional trade, government policy and food security: Recent evidence from Zambia","2009","Food Policy","34","4","","350","366","77","10.1016/j.foodpol.2009.02.001","https://www.scopus.com/inward/record.uri?eid=2-s2.0-67650424268&doi=10.1016%2Fj.foodpol.2009.02.001&partnerID=40&md5=08e6efb8fb4eca647b18fd11672d667b","Article","Final","","Scopus","2-s2.0-67650424268"
"Steinberg, M.K.; Taylor, M.J.","Steinberg, Michael K. (7401966655); Taylor, Matthew John (57211306236)","7401966655; 57211306236","The direct and indirect impacts of population growth and economic development on maize (Zea mays L.) diversity in highland Guatemala","2009","Area","41","1","","72","81","12","10.1111/j.1475-4762.2008.00850.x","https://www.scopus.com/inward/record.uri?eid=2-s2.0-58949088522&doi=10.1111%2Fj.1475-4762.2008.00850.x&partnerID=40&md5=73dc030b575c802df379b9ebf54c150e","Article","Final","","Scopus","2-s2.0-58949088522"
"Morrone, M.; Stuart, B.J.; McHenry, I.; Buckley, G.L.","Morrone, Michele (7004710782); Stuart, Ben J. (7102231967); McHenry, Izaak (25641733800); Buckley, Geoffrey L. (8340681300)","7004710782; 7102231967; 25641733800; 8340681300","The challenges of biofuels from the perspective of small-scale producers in Ohio","2009","Energy Policy","37","2","","522","530","16","10.1016/j.enpol.2008.09.082","https://www.scopus.com/inward/record.uri?eid=2-s2.0-58149119496&doi=10.1016%2Fj.enpol.2008.09.082&partnerID=40&md5=f95071f9930268850a4850e7df678acc","Article","Final","","Scopus","2-s2.0-58149119496"
"Gregory, P.J.; Ingram, J.S.I.","Gregory, Peter J. (55584799257); Ingram, John S.I. (7102464517)","55584799257; 7102464517","Climate change and the current 'food crisis'","2008","CAB Reviews: Perspectives in Agriculture, Veterinary Science, Nutrition and Natural Resources","3","","099","","","13","10.1079/PAVSNNR20083099","https://www.scopus.com/inward/record.uri?eid=2-s2.0-84866727348&doi=10.1079%2FPAVSNNR20083099&partnerID=40&md5=fcf976ff98d3e687877ad525da2f8220","Review","Final","","Scopus","2-s2.0-84866727348"
"Salam, M.A.; Rahaman, H.","Salam, Mohammed Abdel (57210784352); Rahaman, Hafizur (57207594144)","57210784352; 57207594144","Role of space technology for crop monitoring and food security planning in Bangladesh","2008","29th Asian Conference on Remote Sensing 2008, ACRS 2008","1","","","63","68","0","","https://www.scopus.com/inward/record.uri?eid=2-s2.0-84865619717&partnerID=40&md5=3a588979ab09eeaedc1351d30d8de8d9","Conference paper","Final","","Scopus","2-s2.0-84865619717"
"Ramphul, O.; Neelam","Ramphul, Ohlan (57223783823); Neelam (57223919966)","57223783823; 57223919966","Liberalization of Wheat: Production, Prices and Trade","2008","Foreign Trade Review","43","2","","55","85","1","10.1177/0015732515080203","https://www.scopus.com/inward/record.uri?eid=2-s2.0-85058544220&doi=10.1177%2F0015732515080203&partnerID=40&md5=69441079daafa5ca7b64af6c67fea03d","Article","Final","","Scopus","2-s2.0-85058544220"
"Sekhar, C.S.C.","Sekhar, C. S.C. (7003349406)","7003349406","World rice crisis: Issues and options","2008","Economic and Political Weekly","43","26-27","","13","17","1","","https://www.scopus.com/inward/record.uri?eid=2-s2.0-84874375073&partnerID=40&md5=abc5177ec308ec2e145c37d7ea39074d","Article","Final","","Scopus","2-s2.0-84874375073"
"Liao, Y.; de Fraiture, C.; Giordano, M.","Liao, Yongsong (15839905100); de Fraiture, Charlotte M.S. (15755240700); Giordano, Mark F. (7201827297)","15839905100; 15755240700; 7201827297","Global trade and water: Lessons from China and the WTO","2008","Global Governance","14","4","","503","521","12","10.1163/19426720-01404007","https://www.scopus.com/inward/record.uri?eid=2-s2.0-58649101140&doi=10.1163%2F19426720-01404007&partnerID=40&md5=73453cbc3b181d54e9988d506ba88105","Article","Final","","Scopus","2-s2.0-58649101140"
"Bourgeois, R.; Kusumaningrum, D.","Bourgeois, Robin (24472921100); Kusumaningrum, Dian (57505156900)","24472921100; 57505156900","What cereals will Indonesia still import in 2020?","2008","Bulletin of Indonesian Economic Studies","44","2","","289","312","3","10.1080/00074910802169038","https://www.scopus.com/inward/record.uri?eid=2-s2.0-47649100444&doi=10.1080%2F00074910802169038&partnerID=40&md5=f94c241007f7012bb37001c26a2f6313","Article","Final","","Scopus","2-s2.0-47649100444"
"McAfee, K.","McAfee, Kathleen (6603580187)","6603580187","Beyond techno-science: Transgenic maize in the fight over Mexico's future","2008","Geoforum","39","1","","148","160","57","10.1016/j.geoforum.2007.06.002","https://www.scopus.com/inward/record.uri?eid=2-s2.0-37449026785&doi=10.1016%2Fj.geoforum.2007.06.002&partnerID=40&md5=0686b6f89d819643c303ee08ead43467","Article","Final","","Scopus","2-s2.0-37449026785"
"Cassman, K.G.; Liska, A.J.","Cassman, Kenneth G. (7003725994); Liska, Adam J. (24175706400)","7003725994; 24175706400","Food and fuel for all: Realistic or foolish?","2007","Biofuels, Bioproducts and Biorefining","1","1","","18","23","188","10.1002/bbb.3","https://www.scopus.com/inward/record.uri?eid=2-s2.0-41149145637&doi=10.1002%2Fbbb.3&partnerID=40&md5=25895cd3089bbc5728260386c92c49f8","Article","Final","All Open Access; Bronze Open Access","Scopus","2-s2.0-41149145637"
"Barry, B.-S.; Creppy, E.G.E.; Wodon, Q.","Barry, Boubacar Sid (16416556800); Creppy, Edward G.E. (16416505100); Wodon, Quentin T. (55985641800)","16416556800; 16416505100; 55985641800","Cashew production, taxation, and poverty in Guinea-Bissau","2007","World Bank Working Paper","","88","","77","88","6","","https://www.scopus.com/inward/record.uri?eid=2-s2.0-34249817880&partnerID=40&md5=788263e7ce1a65c9356ce62a6193968a","Review","Final","","Scopus","2-s2.0-34249817880"
"Chabot, P.; Dorosh, P.A.","Chabot, Philippe (15819172100); Dorosh, Paul A. (6603810543)","15819172100; 6603810543","Wheat markets, food aid and food security in Afghanistan","2007","Food Policy","32","3","","334","353","54","10.1016/j.foodpol.2006.07.002","https://www.scopus.com/inward/record.uri?eid=2-s2.0-33947115295&doi=10.1016%2Fj.foodpol.2006.07.002&partnerID=40&md5=308bc1ae6de189989ac5fb256ec14a8a","Article","Final","","Scopus","2-s2.0-33947115295"
"Balasubramanian, V.; Sié, M.; Hijmans, R.J.; Otsuka, K.","Balasubramanian, Vethaiya (58375507100); Sié, Moussa (6603035875); Hijmans, Robert J. (6603058114); Otsuka, Keijiro (7402086854)","58375507100; 6603035875; 6603058114; 7402086854","Increasing Rice Production in Sub-Saharan Africa: Challenges and Opportunities","2007","Advances in Agronomy","94","","","55","133","325","10.1016/S0065-2113(06)94002-4","https://www.scopus.com/inward/record.uri?eid=2-s2.0-34247625641&doi=10.1016%2FS0065-2113%2806%2994002-4&partnerID=40&md5=30bd26753828be1e184791eeade6f322","Review","Final","","Scopus","2-s2.0-34247625641"
"Timmer, C.P.; David, D.","Timmer, Charles Peter (7005938302); David, Dawe (16068189300)","7005938302; 16068189300","Managing food price instability in Asia: A macro food security perspective","2007","Asian Economic Journal","21","1","","1","18","29","10.1111/j.1467-8381.2007.00244.x","https://www.scopus.com/inward/record.uri?eid=2-s2.0-33947611983&doi=10.1111%2Fj.1467-8381.2007.00244.x&partnerID=40&md5=e6fd3e0758a2e069eac78db15c7bf134","Article","Final","","Scopus","2-s2.0-33947611983"
"Dana, J.; Gilbert, C.L.; Shim, E.","Dana, Julie (13609354000); Gilbert, Christopher L. (7201382608); Shim, Euna (13608726500)","13609354000; 7201382608; 13608726500","Hedging grain price risk in the SADC: Case studies of Malawi and Zambia","2006","Food Policy","31","4","","357","371","14","10.1016/j.foodpol.2006.03.007","https://www.scopus.com/inward/record.uri?eid=2-s2.0-33646793344&doi=10.1016%2Fj.foodpol.2006.03.007&partnerID=40&md5=ca2314ed611c388bd150bf672091ce1b","Article","Final","","Scopus","2-s2.0-33646793344"
"Jayne, T.S.; Zulu, B.; Nijhoff, J.J.","Jayne, Thomas S. (6602829847); Zulu, Ballard (7801355739); Nijhoff, J. J. (13609693400)","6602829847; 7801355739; 13609693400","Stabilizing food markets in eastern and southern Africa","2006","Food Policy","31","4","","328","341","102","10.1016/j.foodpol.2006.03.008","https://www.scopus.com/inward/record.uri?eid=2-s2.0-33646775005&doi=10.1016%2Fj.foodpol.2006.03.008&partnerID=40&md5=ff266a93bccc6871d1348ffcdac49c53","Article","Final","","Scopus","2-s2.0-33646775005"
"Lutz, C.; Praagman, C.; Hai, L.T.D.","Lutz, Clemens H.M. (7103325893); Praagman, Cornelis (6603279594); Hai, Luu Thanh Duc (14026702400)","7103325893; 6603279594; 14026702400","Rice market integration in the Mekong River Delta: The transition to market rules in the domestic food market in Vietnam","2006","Economics of Transition","14","3","","517","546","8","10.1111/j.1468-0351.2006.00260.x","https://www.scopus.com/inward/record.uri?eid=2-s2.0-33745582464&doi=10.1111%2Fj.1468-0351.2006.00260.x&partnerID=40&md5=d3a87b32050a9c3b65e70a83a6007ab7","Article","Final","","Scopus","2-s2.0-33745582464"
"Bakhshoodeh, M.; Thomson, K.J.","Bakhshoodeh, Mohammad (15721743000); Thomson, Kenneth J. (7202759990)","15721743000; 7202759990","Social welfare effects of removing multiple exchange rates: Evidence from the rice trade in Iran","2006","Agricultural Economics","34","1","","17","23","5","10.1111/j.1574-0862.2006.00099.x","https://www.scopus.com/inward/record.uri?eid=2-s2.0-33644746276&doi=10.1111%2Fj.1574-0862.2006.00099.x&partnerID=40&md5=a89aa400143609ec9598ef98547f616f","Article","Final","","Scopus","2-s2.0-33644746276"
"Nkang, N.M.; Abang, S.O.; Akpan, O.E.; Edet, E.O.","Nkang, N. M. (12142768400); Abang, Sylvester Obi (35607082300); Akpan, O. E. (57212297519); Edet, Eyo Orok (12143014500)","12142768400; 35607082300; 57212297519; 12143014500","Rice production, imports and food security in Nigeria: An application of cointegration and error correction model","2006","Journal of Food, Agriculture and Environment","4","1","","86","90","2","","https://www.scopus.com/inward/record.uri?eid=2-s2.0-32044472124&partnerID=40&md5=8b4bb5f8bda443ec1f17a3de6f2172dc","Article","Final","","Scopus","2-s2.0-32044472124"
"Zhao, J.; Liu, W.; Deng, H.","Zhao, Jingzhu (36122031300); Liu, Wenhua (58737446900); Deng, Hongbing (7401775505)","36122031300; 58737446900; 7401775505","The potential role of virtual water in solving water scarcity and food security problems in China","2005","International Journal of Sustainable Development and World Ecology","12","4","","419","428","31","10.1080/13504500509469651","https://www.scopus.com/inward/record.uri?eid=2-s2.0-33644536143&doi=10.1080%2F13504500509469651&partnerID=40&md5=876b78ef67268a1769f72b17abab01d1","Article","Final","","Scopus","2-s2.0-33644536143"
"Nagarajan, S.","Nagarajan, Shantha (7102013133)","7102013133","Can India produce enough wheat even by 2020?","2005","Current Science","89","9","","1467","1471","77","","https://www.scopus.com/inward/record.uri?eid=2-s2.0-31644447358&partnerID=40&md5=3bc2f35723e3f3bb5ec93ee09a848afe","Review","Final","","Scopus","2-s2.0-31644447358"
"Mkhabela, M.S.; Mkhabela, M.S.; Mashinini, N.N.","Mkhabela, Manasah S. (6506375432); Mkhabela, Milton S. (8201803900); Mashinini, Nkosazana N. (8201804000)","6506375432; 8201803900; 8201804000","Early maize yield forecasting in the four agro-ecological regions of Swaziland using NDVI data derived from NOAA's-AVHRR","2005","Agricultural and Forest Meteorology","129","1-2","","1","9","145","10.1016/j.agrformet.2004.12.006","https://www.scopus.com/inward/record.uri?eid=2-s2.0-14744279612&doi=10.1016%2Fj.agrformet.2004.12.006&partnerID=40&md5=d789f27d38dabcae10fa0eb8bdf0cff6","Article","Final","","Scopus","2-s2.0-14744279612"
"Lu, W.; Kersten, L.","Lu, Wencong (55484286600); Kersten, Lutz (8304438100)","55484286600; 8304438100","Chinese grain supply and demand in 2010: Regional perspective and policy implications","2005","Landbauforschung Volkenrode","55","1","","61","68","0","","https://www.scopus.com/inward/record.uri?eid=2-s2.0-15744386618&partnerID=40&md5=7671d122f0df30dd9384a7e85dee3cce","Review","Final","","Scopus","2-s2.0-15744386618"
"Kucharik, C.J.; Ramankutty, N.","Kucharik, Christopher J. (6602574802); Ramankutty, Navin (6701824742)","6602574802; 6701824742","Trends and variability in U.S. Corn yields over the twentieth century","2005","Earth Interactions","9","1","","","","103","10.1175/EI098.1","https://www.scopus.com/inward/record.uri?eid=2-s2.0-34548127393&doi=10.1175%2FEI098.1&partnerID=40&md5=5f13cd568fdd1ac9ee3a0131b8c5f075","Review","Final","","Scopus","2-s2.0-34548127393"
"Tong, C.; Hall, C.A.S.; Wang, H.","Tong, Chengli (9634756000); Hall, Charles A.S. (14025414100); Wang, Hongqing (7501733919)","9634756000; 14025414100; 7501733919","Land use change in rice, wheat and maize production in China (1961-1998)","2003","Agriculture, Ecosystems and Environment","95","2-3","","523","536","160","10.1016/S0167-8809(02)00182-2","https://www.scopus.com/inward/record.uri?eid=2-s2.0-0037404855&doi=10.1016%2FS0167-8809%2802%2900182-2&partnerID=40&md5=0a0d23f2d46256acfc27a0a9cb5947fc","Article","Final","","Scopus","2-s2.0-0037404855"
"Quader, A.K.M.A.","Quader, A. K.M.Abdul (57758767500)","57758767500","Natural gas and the fertilizer industry","2003","Energy for Sustainable Development","7","2","","40","48","17","10.1016/S0973-0826(08)60353-1","https://www.scopus.com/inward/record.uri?eid=2-s2.0-38749138322&doi=10.1016%2FS0973-0826%2808%2960353-1&partnerID=40&md5=bfe6d0e2fef923e61f04c877c87311d4","Article","Final","","Scopus","2-s2.0-38749138322"
"Shrivastava, G.S.","Shrivastava, Gyan S. (7003843344)","7003843344","Water resources and food security: A Caribbean case study","2003","Proceedings of the Institution of Civil Engineers: Water and Maritime Engineering","156","4","","351","353","5","10.1680/wame.2003.156.4.351","https://www.scopus.com/inward/record.uri?eid=2-s2.0-0346216905&doi=10.1680%2Fwame.2003.156.4.351&partnerID=40&md5=aee4e62d993fd2007cc6b88539f7479c","Article","Final","","Scopus","2-s2.0-0346216905"
"Ryan, J.","Ryan, Jim G. (7404484342)","7404484342","Assessing the impact of food policy research: Rice trade policies in Viet Nam","2002","Food Policy","27","1","","1","29","10","10.1016/S0306-9192(01)00024-0","https://www.scopus.com/inward/record.uri?eid=2-s2.0-0036112169&doi=10.1016%2FS0306-9192%2801%2900024-0&partnerID=40&md5=d3af3e1de665143064179efff144c5b6","Article","Final","","Scopus","2-s2.0-0036112169"
"del Ninno, C.; Dorosh, P.A.; Islam, N.","del Ninno, Carlo (6602924268); Dorosh, Paul A. (6603810543); Islam, Nurul (59775308500)","6602924268; 6603810543; 59775308500","Reducing vulnerability to natural disasters: Lessons from the 1998 floods in Bangladesh","2002","IDS Bulletin","33","4","","98","107","18","10.1111/j.1759-5436.2002.tb00049.x","https://www.scopus.com/inward/record.uri?eid=2-s2.0-0036807208&doi=10.1111%2Fj.1759-5436.2002.tb00049.x&partnerID=40&md5=505a4198f112338f31b3e50781e3dc30","Article","Final","","Scopus","2-s2.0-0036807208"
"Devereux, S.","Devereux, Stephen (7003982620)","7003982620","The Malawi famine of 2002","2002","IDS Bulletin","33","4","","70","78","79","10.1111/j.1759-5436.2002.tb00046.x","https://www.scopus.com/inward/record.uri?eid=2-s2.0-0036807144&doi=10.1111%2Fj.1759-5436.2002.tb00046.x&partnerID=40&md5=5a42a05da6c42f63947ec453b4238100","Article","Final","All Open Access; Green Accepted Open Access; Green Open Access","Scopus","2-s2.0-0036807144"
"Chirwa, W.C.","Chirwa, Wiseman Chijere (7801678101)","7801678101","Land use and extension services at wovwe rice scheme, Malawi","2002","Development Southern Africa","19","2","","307","327","9","10.1080/03768350020013543","https://www.scopus.com/inward/record.uri?eid=2-s2.0-0036061958&doi=10.1080%2F03768350020013543&partnerID=40&md5=13c8e2c5146c328166393b4220014f8c","Article","Final","","Scopus","2-s2.0-0036061958"
"del Ninno, C.; Dorosh, P.A.","del Ninno, Carlo (6602924268); Dorosh, Paul A. (6603810543)","6602924268; 6603810543","Averting a food crisis: Private imports and public targeted distribution in Bangladesh after the 1998 flood","2001","Agricultural Economics","25","2-3","","337","346","57","10.1016/S0169-5150(01)00090-1","https://www.scopus.com/inward/record.uri?eid=2-s2.0-0035160327&doi=10.1016%2FS0169-5150%2801%2900090-1&partnerID=40&md5=a5e73ad0d85d9dadbb24aff485c4fca6","Conference paper","Final","","Scopus","2-s2.0-0035160327"
"Wichelns, D.","Wichelns, Dennis (7004378687)","7004378687","The role of 'virtual water' in efforts to achieve food security and other national goals, with an example from Egypt","2001","Agricultural Water Management","49","2","","131","151","172","10.1016/S0378-3774(00)00134-7","https://www.scopus.com/inward/record.uri?eid=2-s2.0-0035902427&doi=10.1016%2FS0378-3774%2800%2900134-7&partnerID=40&md5=1558139857dec39ac7a41414063dd090","Article","Final","","Scopus","2-s2.0-0035902427"
"Dorosh, P.A.","Dorosh, Paul A. (6603810543)","6603810543","Trade liberalization and national food security: Rice trade between Bangladesh and India","2001","World Development","29","4","","673","689","79","10.1016/S0305-750X(00)00121-2","https://www.scopus.com/inward/record.uri?eid=2-s2.0-0035040012&doi=10.1016%2FS0305-750X%2800%2900121-2&partnerID=40&md5=38bd2d682b82b516a283168c3cca8a79","Article","Final","","Scopus","2-s2.0-0035040012"
"del Ninno, C.; Dorosh, P.A.; Smith, L.C.; Roy, D.K.","del Ninno, Carlo (6602924268); Dorosh, Paul A. (6603810543); Smith, Lisa Catherine (7410395425); Roy, Dilip K. (7402438543)","6602924268; 6603810543; 7410395425; 7402438543","The 1998 floods in Bangladesh: Disaster impacts, households coping strategies, and response","2001","Research Report of the International Food Policy Research Institute","","122","","1","114","44","","https://www.scopus.com/inward/record.uri?eid=2-s2.0-0035718079&partnerID=40&md5=6173eba1ae575a862c9a7bc219edd7ab","Article","Final","","Scopus","2-s2.0-0035718079"
"Soekirman, A.","Soekirman, Atong (8694102200)","8694102200","Food and nutrition security and the economic crisis in Indonesia","2001","Asia Pacific Journal of Clinical Nutrition","10","SUPPL.","","S57","S61","12","10.1046/j.1440-6047.2001.00217.x","https://www.scopus.com/inward/record.uri?eid=2-s2.0-0035225639&doi=10.1046%2Fj.1440-6047.2001.00217.x&partnerID=40&md5=3b46bb7c84a9cdf22b8c9110039aa0b0","Article","Final","","Scopus","2-s2.0-0035225639"
"Mendis, P.","Mendis, Patrick (8919921600)","8919921600","Food security, agricultural subsidies, energy, and the environment: A process of 'glocalization' in Sri Lanka","2001","Energy and Environment","12","1","","55","71","1","10.1260/0958305011500607","https://www.scopus.com/inward/record.uri?eid=2-s2.0-0035067357&doi=10.1260%2F0958305011500607&partnerID=40&md5=b658d6cb5125d2d2ad17879a9fd66725","Article","Final","","Scopus","2-s2.0-0035067357"
"Minot, N.; Goletti, F.","Minot, Nicholas W. (6603069112); Goletti, Francesco (6508074544)","6603069112; 6508074544","Rice Market Liberalization and poverty in Viet Nam","2000","Research Report of the International Food Policy Research Institute","","114","","7","113","22","","https://www.scopus.com/inward/record.uri?eid=2-s2.0-0034445902&partnerID=40&md5=95d78921f6323631ac29e98c67a1cf3f","Article","Final","","Scopus","2-s2.0-0034445902"
"Roy, B.C.; Datta, K.K.","Roy, B. C. (58713601100); Datta, K. K. (56735644900)","58713601100; 56735644900","Rice-wheat system in Haryana: Prioritizing production constrainsts and implication for future research","2000","Indian Journal of Agricultural Economics","55","4","","671","682","4","","https://www.scopus.com/inward/record.uri?eid=2-s2.0-0034435265&partnerID=40&md5=9683e115d514b27f8871ac0062daf38a","Article","Final","","Scopus","2-s2.0-0034435265"
"Nill, K.A.; Redick, T.P.; Drew, N.L.","Nill, Kimball A. (8352657700); Redick, Thomas Parker (36955399800); Drew, Natasha L. (8114598700)","8352657700; 36955399800; 8114598700","Precautionary priority in approving imports of genetically improved commodity crops","2000","Biotechnology Law Report","19","5","","546","559","2","10.1089/073003100750036663","https://www.scopus.com/inward/record.uri?eid=2-s2.0-19644383257&doi=10.1089%2F073003100750036663&partnerID=40&md5=9bf786c936e533cc68ac79aeedd1b6e0","Article","Final","","Scopus","2-s2.0-19644383257"
